sample,time_s,measured_speed_rad_s,predicted_speed_rad_s,prediction_error_rad_s,a,b
1,0.009264200,3.126150000,3.089121000,0.037029000,0.575153000,4.381722000
2,0.020388100,3.088486000,3.112530000,-0.024044000,0.574445000,4.385312000
3,0.022776000,3.126150000,3.089759000,0.036391000,0.575327000,4.381495000
4,0.024460300,3.088486000,3.113008000,-0.024522000,0.574657000,4.384917000
5,0.026228700,3.126150000,3.090294000,0.035856000,0.575457000,4.381487000
6,0.028011800,3.088486000,3.113412000,-0.024926000,0.574820000,4.384759000
7,0.029460500,3.126150000,3.090750000,0.035400000,0.575552000,4.381652000
8,0.030857700,3.088486000,3.113757000,-0.025271000,0.574944000,4.384790000
9,0.032395400,3.126150000,3.091143000,0.035007000,0.575618000,4.381959000
10,0.034244400,3.088486000,3.114056000,-0.025570000,0.575036000,4.384977000
11,0.035574800,3.126150000,3.091485000,0.034665000,0.575661000,4.382382000
12,0.036904100,3.088486000,3.114317000,-0.025831000,0.575103000,4.385293000
13,0.038221100,3.126150000,3.091786000,0.034364000,0.575684000,4.382905000
14,0.039509100,3.088486000,3.114546000,-0.026060000,0.575148000,4.385717000
15,0.040943800,3.728782000,4.188481000,-0.459699000,0.645802000,3.645694000
16,0.042713200,4.670393000,4.413188000,0.257205000,0.623587000,3.888330000
17,0.044318900,5.160031000,5.050981000,0.109050000,0.620968000,3.927175000
18,0.046157400,5.423683000,5.364158000,0.059525000,0.621366000,3.931063000
19,0.048038900,5.574340000,5.532178000,0.042162000,0.622292000,3.927538000
20,0.049484300,5.649670000,5.629014000,0.020656000,0.622898000,3.924230000
21,0.140608300,5.762663000,5.677494000,0.085169000,0.625598000,3.908042000
22,0.146234500,5.762663000,5.754535000,0.008128000,0.625891000,3.906111000
23,0.148615100,5.837992000,5.755157000,0.082835000,0.628671000,3.887748000
24,0.150522500,5.800327000,5.808436000,-0.008109000,0.628382000,3.889751000
25,0.152889300,5.875656000,5.784187000,0.091469000,0.631247000,3.870349000
26,0.156507700,5.837992000,5.837681000,0.000311000,0.631257000,3.870275000
27,0.167615800,5.837992000,5.813926000,0.024066000,0.631971000,3.865319000
28,0.174703400,5.875656000,5.815365000,0.060291000,0.633665000,3.853548000
29,0.249624900,5.875656000,5.842650000,0.033006000,0.634612000,3.846786000
30,0.252293200,5.837992000,5.844495000,-0.006503000,0.634435000,3.848054000
31,0.254244400,5.875656000,5.820254000,0.055402000,0.635770000,3.838813000
32,0.261508500,5.875656000,5.846911000,0.028745000,0.636489000,3.833669000
33,0.289587200,5.837992000,5.848309000,-0.010317000,0.636242000,3.835438000
34,0.348176200,5.875656000,5.823864000,0.051792000,0.637334000,3.827904000
35,0.350948300,5.875656000,5.850103000,0.025553000,0.637902000,3.823833000
36,0.352631300,5.875656000,5.851203000,0.024453000,0.638426000,3.820080000
37,0.358246200,5.837992000,5.852218000,-0.014226000,0.638132000,3.822186000
38,0.382019500,5.875656000,5.827614000,0.048042000,0.639000000,3.816239000
39,0.450898900,5.875656000,5.853474000,0.022182000,0.639430000,3.813150000
40,0.453680900,5.837992000,5.854305000,-0.016313000,0.639123000,3.815350000
41,0.455355200,5.875656000,5.829640000,0.046016000,0.639874000,3.810225000
42,0.459192200,5.875656000,5.855303000,0.020353000,0.640236000,3.807626000
43,0.481543300,5.875656000,5.855999000,0.019657000,0.640575000,3.805187000
44,0.550054500,5.837992000,5.856652000,-0.018660000,0.640262000,3.807438000
45,0.554379900,5.875656000,5.831934000,0.043722000,0.640892000,3.803159000
46,0.556764500,5.875656000,5.857400000,0.018256000,0.641184000,3.801058000
47,0.567121400,5.837992000,5.857960000,-0.019968000,0.640873000,3.803298000
48,0.575557600,5.875656000,5.833225000,0.042431000,0.641436000,3.799490000
49,0.655669000,5.875656000,5.858579000,0.017077000,0.641691000,3.797654000
50,0.659287800,5.875656000,5.859066000,0.016590000,0.641933000,3.795911000
51,0.661265900,5.837992000,5.859529000,-0.021537000,0.641626000,3.798123000
52,0.667256200,5.875656000,5.834775000,0.040881000,0.642116000,3.794833000
53,0.683910400,5.875656000,5.860011000,0.015645000,0.642330000,3.793286000
54,0.700776300,5.875656000,5.860420000,0.015236000,0.642535000,3.791810000
55,0.760453500,6.289966000,6.619172000,-0.329206000,0.668785000,3.508311000
56,0.763763700,6.930261000,6.837864000,0.092397000,0.663761000,3.563622000
57,0.768418500,7.269241000,7.272756000,-0.003515000,0.663851000,3.562549000
58,0.775697800,7.419899000,7.497604000,-0.077705000,0.664675000,3.550549000
59,0.801047000,7.570557000,7.594731000,-0.024174000,0.664772000,3.548444000
60,0.869425500,7.608222000,7.694028000,-0.085806000,0.664568000,3.546598000
61,0.874152700,7.683551000,7.716128000,-0.032577000,0.664441000,3.546433000
62,0.876603400,7.683551000,7.765092000,-0.081541000,0.663874000,3.548629000
63,0.883845300,7.758879000,7.762380000,-0.003501000,0.663850000,3.548721000
64,0.900950300,7.721215000,7.812274000,-0.091059000,0.662959000,3.553968000
65,0.971878700,7.758879000,7.784328000,-0.025449000,0.662758000,3.554985000
66,0.975275600,7.758879000,7.808497000,-0.049618000,0.662295000,3.557721000
67,0.977949700,7.758879000,7.806959000,-0.048080000,0.661858000,3.560305000
68,0.985608800,7.796544000,7.805507000,-0.008963000,0.661779000,3.560775000
69,1.000415200,7.834208000,7.830169000,0.004039000,0.661820000,3.560502000
70,1.015754500,7.834208000,7.855215000,-0.021007000,0.661575000,3.562233000
71,1.093736500,7.871873000,7.854595000,0.017278000,0.661772000,3.560843000
72,1.097137800,7.834208000,7.880018000,-0.045810000,0.661188000,3.565201000
73,1.098985700,7.871873000,7.853785000,0.018088000,0.661384000,3.563821000
74,1.100787100,7.834208000,7.879192000,-0.044984000,0.660834000,3.567927000
75,1.117387800,7.871873000,7.853055000,0.018818000,0.661028000,3.566562000
76,1.223613000,7.834208000,7.878448000,-0.044240000,0.660508000,3.570446000
77,1.227199400,7.834208000,7.852395000,-0.018187000,0.660329000,3.571703000
78,1.229189100,7.871873000,7.851936000,0.019937000,0.660522000,3.570353000
79,1.230936400,7.834208000,7.877307000,-0.043099000,0.660042000,3.573947000
80,1.232780400,7.834208000,7.851369000,-0.017161000,0.659884000,3.575058000
81,1.250542600,7.871873000,7.850962000,0.020911000,0.660073000,3.573730000
82,1.266797200,7.834208000,7.876311000,-0.042103000,0.659628000,3.577080000
83,1.338595200,7.834208000,7.850472000,-0.016264000,0.659486000,3.578071000
84,1.341378900,7.871873000,7.850106000,0.021767000,0.659672000,3.576768000
85,1.343236700,7.871873000,7.875434000,-0.003561000,0.659636000,3.577040000
86,1.351115300,7.871873000,7.875354000,-0.003481000,0.659602000,3.577301000
87,1.366784900,7.834208000,7.875278000,-0.041070000,0.659201000,3.580327000
88,1.384140200,7.871873000,7.849560000,0.022313000,0.659377000,3.579103000
89,1.447759000,7.871873000,7.874856000,-0.002983000,0.659348000,3.579316000
90,1.450201100,7.871873000,7.874794000,-0.002921000,0.659321000,3.579523000
91,1.452160700,7.834208000,7.874733000,-0.040525000,0.658948000,3.582339000
92,1.461815400,7.871873000,7.849090000,0.022783000,0.659115000,3.581187000
93,1.477627700,7.871873000,7.874358000,-0.002485000,0.659092000,3.581356000
94,1.551697000,7.834208000,7.874309000,-0.040101000,0.658738000,3.584035000
95,1.554317000,7.231577000,6.594306000,0.637271000,0.726940000,2.889874000
96,1.555894600,6.176972000,6.412875000,-0.235903000,0.710405000,3.057794000
97,1.559718500,5.499012000,5.611269000,-0.112257000,0.705664000,3.105500000
98,1.580300800,5.084702000,5.122652000,-0.037950000,0.704635000,3.115698000
99,1.659669500,4.783387000,4.829137000,-0.045750000,0.703791000,3.123890000
100,1.662229300,4.519735000,4.616058000,-0.096323000,0.702599000,3.135056000
101,1.663921600,4.369078000,4.429586000,-0.060508000,0.702169000,3.138772000
102,1.665524500,4.293749000,4.323338000,-0.029589000,0.702046000,3.139668000
103,1.681962500,4.218420000,4.270278000,-0.051858000,0.701910000,3.140426000
104,1.701845900,4.256084000,4.217124000,0.038960000,0.701954000,3.140469000
105,1.766224900,4.256084000,4.243762000,0.012322000,0.701977000,3.140385000
106,1.768659400,4.218420000,4.243826000,-0.025406000,0.701929000,3.140558000
107,1.770250600,4.256084000,4.217256000,0.038828000,0.701972000,3.140603000
108,1.781604600,4.218420000,4.243894000,-0.025474000,0.701924000,3.140777000
109,1.801830300,4.256084000,4.217323000,0.038761000,0.701967000,3.140825000
110,1.875840300,4.218420000,4.243960000,-0.025540000,0.701919000,3.141000000
111,1.878407000,4.256084000,4.217390000,0.038694000,0.701961000,3.141049000
112,1.879971300,4.218420000,4.244026000,-0.025606000,0.701913000,3.141226000
113,1.881846300,4.256084000,4.217455000,0.038629000,0.701955000,3.141276000
114,1.901795300,4.218420000,4.244092000,-0.025672000,0.701907000,3.141455000
115,1.921969100,4.256084000,4.217520000,0.038564000,0.701949000,3.141507000
116,1.980072200,4.256084000,4.244156000,0.011928000,0.701971000,3.141423000
117,1.983797200,4.218420000,4.244218000,-0.025798000,0.701923000,3.141604000
118,1.986643100,4.256084000,4.217646000,0.038438000,0.701964000,3.141659000
119,2.001575500,4.256084000,4.244282000,0.011802000,0.701986000,3.141576000
120,2.021794300,4.218420000,4.244343000,-0.025923000,0.701937000,3.141758000
121,2.087488500,4.256084000,4.217770000,0.038314000,0.701978000,3.141816000
122,2.089986900,4.256084000,4.244405000,0.011679000,0.702000000,3.141733000
123,2.091669800,4.218420000,4.244466000,-0.026046000,0.701951000,3.141918000
124,2.101997400,4.256084000,4.217892000,0.038192000,0.701992000,3.141979000
125,2.123745400,4.256084000,4.244527000,0.011557000,0.702013000,3.141897000
126,2.191989400,4.218420000,4.244587000,-0.026167000,0.701964000,3.142083000
127,2.194792600,4.256084000,4.218011000,0.038073000,0.702004000,3.142148000
128,2.196641800,4.256084000,4.244647000,0.011437000,0.702026000,3.142066000
129,2.198288400,4.218420000,4.244706000,-0.026286000,0.701976000,3.142254000
130,2.216124600,4.256084000,4.218130000,0.037954000,0.702015000,3.142322000
131,2.235790700,4.256084000,4.244764000,0.011320000,0.702037000,3.142240000
132,2.291901800,4.256084000,4.244823000,0.011261000,0.702058000,3.142159000
133,2.294474400,4.218420000,4.244882000,-0.026462000,0.702008000,3.142349000
134,2.297111500,4.256084000,4.218303000,0.037781000,0.702047000,3.142422000
135,2.317490200,5.310689000,5.659029000,-0.348340000,0.726801000,2.877903000
136,2.337770300,6.817268000,6.306034000,0.511234000,0.703712000,3.127242000
137,2.394902900,7.570557000,7.455549000,0.115008000,0.701006000,3.157714000
138,2.397446800,8.022531000,7.991062000,0.031469000,0.700583000,3.162794000
139,2.399772500,8.323847000,8.308825000,0.015022000,0.700470000,3.164312000
140,2.418984200,8.436840000,8.520269000,-0.083429000,0.700773000,3.159213000
141,2.439450200,8.549833000,8.597643000,-0.047810000,0.700877000,3.157024000
142,2.509215000,8.587498000,8.675849000,-0.088351000,0.700938000,3.154319000
143,2.512614800,8.625162000,8.700477000,-0.075315000,0.700954000,3.152411000
144,2.514784200,8.625162000,8.725392000,-0.100230000,0.700927000,3.150397000
145,2.522193000,8.700491000,8.723443000,-0.022952000,0.700920000,3.149942000
146,2.541648000,8.700491000,8.775803000,-0.075312000,0.700827000,3.149213000
147,2.615925400,8.700491000,8.774371000,-0.073880000,0.700737000,3.148507000
148,2.618631400,8.738155000,8.772986000,-0.034831000,0.700695000,3.148179000
149,2.620377900,8.700491000,8.798733000,-0.098242000,0.700530000,3.147756000
150,2.622388800,8.738155000,8.770545000,-0.032390000,0.700492000,3.147456000
151,2.641724900,8.700491000,8.796345000,-0.095854000,0.700334000,3.147063000
152,2.662028500,8.738155000,8.768253000,-0.030098000,0.700300000,3.146789000
153,2.725609000,8.738155000,8.794101000,-0.055946000,0.700210000,3.146570000
154,2.728127700,8.700491000,8.793126000,-0.092635000,0.700062000,3.146213000
155,2.729720200,8.738155000,8.765163000,-0.027008000,0.700033000,3.145971000
156,2.741766900,8.700491000,8.791073000,-0.090582000,0.699891000,3.145638000
157,2.761921700,8.738155000,8.763188000,-0.025033000,0.699865000,3.145416000
158,2.834548100,8.700491000,8.789135000,-0.088644000,0.699729000,3.145106000
159,2.837333800,8.738155000,8.761324000,-0.023169000,0.699706000,3.144903000
160,2.839081700,8.738155000,8.787304000,-0.049149000,0.699631000,3.144739000
161,2.842134300,8.738155000,8.786514000,-0.048359000,0.699559000,3.144579000
162,2.861648700,8.738155000,8.785747000,-0.047592000,0.699488000,3.144424000
163,2.881622400,8.775820000,8.784998000,-0.009178000,0.699475000,3.144394000
164,2.943194200,8.775820000,8.811200000,-0.035380000,0.699405000,3.144472000
165,2.945780100,8.738155000,8.810652000,-0.072497000,0.699263000,3.144631000
166,2.947439400,8.775820000,8.783201000,-0.007381000,0.699252000,3.144606000
167,2.961689500,8.775820000,8.809427000,-0.033607000,0.699187000,3.144681000
168,2.981489600,8.738155000,8.808922000,-0.070767000,0.699052000,3.144837000
169,3.045772600,8.775820000,8.781539000,-0.005719000,0.699045000,3.144818000
170,3.048462700,8.775820000,8.807784000,-0.031964000,0.698984000,3.144890000
171,3.050250400,8.775820000,8.807317000,-0.031497000,0.698926000,3.144959000
172,3.061772000,8.775820000,8.806861000,-0.031041000,0.698868000,3.145028000
173,3.081672700,8.775820000,8.806417000,-0.030597000,0.698812000,3.145094000
174,3.159404400,8.775820000,8.805982000,-0.030162000,0.698758000,3.145159000
175,3.162259100,8.399176000,8.019267000,0.379909000,0.712513000,3.009035000
176,3.164060000,7.758879000,7.789941000,-0.031062000,0.711613000,3.017889000
177,3.165663300,7.344571000,7.332056000,0.012515000,0.711864000,3.015461000
178,3.181533500,6.967926000,7.037611000,-0.069685000,0.710849000,3.025095000
179,3.201644600,6.741939000,6.768197000,-0.026258000,0.710590000,3.027449000
180,3.261653500,6.591281000,6.607227000,-0.015946000,0.710479000,3.028418000
181,3.264466800,6.553617000,6.500016000,0.053601000,0.710754000,3.026194000
182,3.266166400,6.402958000,6.473725000,-0.070767000,0.710425000,3.028782000
183,3.281791700,6.402958000,6.366088000,0.036870000,0.710527000,3.028143000
184,3.301977300,6.327630000,6.366362000,-0.038732000,0.710420000,3.028813000
185,3.364849300,6.289966000,6.312561000,-0.022595000,0.710378000,3.028984000
186,3.367320600,6.289966000,6.285645000,0.004321000,0.710384000,3.028972000
187,3.368785200,6.252301000,6.285675000,-0.033374000,0.710339000,3.029063000
188,3.382007600,6.252301000,6.258691000,-0.006390000,0.710333000,3.029048000
189,3.402099400,6.252301000,6.258647000,-0.006346000,0.710328000,3.029034000
190,3.481377400,6.252301000,6.258604000,-0.006303000,0.710322000,3.029021000
191,3.484375000,6.252301000,6.258562000,-0.006261000,0.710317000,3.029007000
192,3.486318000,6.252301000,6.258520000,-0.006219000,0.710312000,3.028993000
193,3.488155700,6.214636000,6.258478000,-0.043842000,0.710274000,3.028897000
194,3.501917700,6.252301000,6.231431000,0.020870000,0.710281000,3.029048000
195,3.522237100,6.252301000,6.258323000,-0.006022000,0.710276000,3.029035000
196,3.601850700,6.252301000,6.258283000,-0.005982000,0.710271000,3.029022000
197,3.604959900,6.214636000,6.258242000,-0.043606000,0.710234000,3.028929000
198,3.606858600,6.252301000,6.231201000,0.021100000,0.710241000,3.029083000
199,3.608622700,6.252301000,6.258091000,-0.005790000,0.710236000,3.029071000
200,3.621742600,6.252301000,6.258052000,-0.005751000,0.710231000,3.029059000
201,3.641741800,6.252301000,6.258014000,-0.005713000,0.710226000,3.029047000
202,3.713548600,6.214636000,6.257977000,-0.043341000,0.710189000,3.028956000
203,3.717533100,6.252301000,6.230940000,0.021361000,0.710196000,3.029114000
204,3.719526700,6.252301000,6.257830000,-0.005529000,0.710192000,3.029102000
205,3.721767800,6.252301000,6.257793000,-0.005492000,0.710187000,3.029091000
206,3.741679600,6.252301000,6.257757000,-0.005456000,0.710182000,3.029080000
207,3.829276900,6.252301000,6.257721000,-0.005420000,0.710178000,3.029069000
208,3.832247700,6.252301000,6.257685000,-0.005384000,0.710173000,3.029058000
209,3.834818700,6.252301000,6.257650000,-0.005349000,0.710168000,3.029047000
210,3.836642600,6.252301000,6.257615000,-0.005314000,0.710164000,3.029036000
211,3.842807900,6.252301000,6.257580000,-0.005279000,0.710159000,3.029025000
212,3.863542200,6.252301000,6.257545000,-0.005244000,0.710155000,3.029015000
213,3.945293500,6.252301000,6.257511000,-0.005210000,0.710151000,3.029004000
214,3.948613800,6.252301000,6.257477000,-0.005176000,0.710146000,3.028994000
215,3.950750300,5.762663000,5.500196000,0.262467000,0.719288000,2.936126000
216,3.953375200,5.009374000,5.172656000,-0.163282000,0.714912000,2.980399000
217,3.955960200,4.519735000,4.624400000,-0.104665000,0.713133000,2.998173000
218,3.976763100,4.218420000,4.272531000,-0.054111000,0.712543000,3.003947000
219,4.064390500,3.992433000,4.057185000,-0.064752000,0.712076000,3.008373000
220,4.067422800,3.879440000,3.895846000,-0.016406000,0.712003000,3.009025000
221,4.069426100,3.766446000,3.815332000,-0.048886000,0.711854000,3.010264000
222,4.071181200,3.766446000,3.734751000,0.031695000,0.711906000,3.009918000
223,4.077002800,3.728782000,3.734829000,-0.006047000,0.711896000,3.009985000
224,4.096805200,3.691118000,3.708001000,-0.016883000,0.711876000,3.010087000
225,4.173034900,3.691118000,3.681148000,0.009970000,0.711883000,3.010076000
226,4.175682100,3.691118000,3.681171000,0.009947000,0.711891000,3.010064000
227,4.177514300,3.691118000,3.681195000,0.009923000,0.711898000,3.010052000
228,4.179371500,3.691118000,3.681218000,0.009900000,0.711905000,3.010040000
229,4.197329500,3.691118000,3.681241000,0.009877000,0.711913000,3.010028000
230,4.286519700,3.691118000,3.681264000,0.009854000,0.711920000,3.010016000
231,4.289465500,3.691118000,3.681287000,0.009831000,0.711928000,3.010004000
232,4.291404500,3.691118000,3.681310000,0.009808000,0.711935000,3.009992000
233,4.293480300,3.691118000,3.681333000,0.009785000,0.711942000,3.009980000
234,4.302070200,3.653453000,3.681356000,-0.027903000,0.711921000,3.010015000
235,4.321963200,3.691118000,3.654476000,0.036642000,0.711931000,3.010158000
236,4.401207900,3.691118000,3.681376000,0.009742000,0.711938000,3.010146000
237,4.404503500,3.691118000,3.681399000,0.009719000,0.711946000,3.010134000
238,4.406410800,3.691118000,3.681422000,0.009696000,0.711953000,3.010122000
239,4.408290100,3.728782000,3.681446000,0.047336000,0.711990000,3.010062000
240,4.422188700,3.691118000,3.708376000,-0.017258000,0.711967000,3.010175000
241,4.441861700,3.691118000,3.681517000,0.009601000,0.711975000,3.010163000
242,4.530862500,3.691118000,3.681540000,0.009578000,0.711982000,3.010151000
243,4.534364200,3.691118000,3.681563000,0.009555000,0.711990000,3.010139000
244,4.536692400,3.691118000,3.681586000,0.009532000,0.711997000,3.010128000
245,4.539051000,3.691118000,3.681609000,0.009509000,0.712004000,3.010116000
246,4.541681200,3.691118000,3.681633000,0.009485000,0.712012000,3.010104000
247,4.562007500,3.691118000,3.681655000,0.009463000,0.712019000,3.010092000
248,4.649900900,3.728782000,3.681679000,0.047103000,0.712056000,3.010031000
249,4.652954700,3.691118000,3.708613000,-0.017495000,0.712033000,3.010151000
250,4.654991300,3.691118000,3.681751000,0.009367000,0.712041000,3.010139000
251,4.656921800,3.691118000,3.681774000,0.009344000,0.712048000,3.010127000
252,4.664170500,3.691118000,3.681797000,0.009321000,0.712055000,3.010115000
253,4.674527500,3.691118000,3.681820000,0.009298000,0.712063000,3.010103000
254,4.695055300,3.691118000,3.681843000,0.009275000,0.712070000,3.010091000
255,4.758251400,4.557400000,4.735398000,-0.177998000,0.719847000,2.927207000
256,4.760635900,5.800327000,5.329675000,0.470652000,0.705632000,3.080172000
257,4.762153500,6.402958000,6.249017000,0.153941000,0.703226000,3.107039000
258,4.776583100,6.779603000,6.677651000,0.101952000,0.702329000,3.117643000
259,4.797163100,6.967926000,6.943865000,0.024061000,0.702220000,3.119097000
260,4.872288400,7.118584000,7.076383000,0.042201000,0.702117000,3.120726000
261,4.875293100,7.156249000,7.182586000,-0.026337000,0.702136000,3.120170000
262,4.877208300,7.193912000,7.208781000,-0.014869000,0.702141000,3.119922000
263,4.879554100,7.193912000,7.235086000,-0.041174000,0.702136000,3.119419000
264,4.900257300,7.193912000,7.234699000,-0.040787000,0.702132000,3.118923000
265,4.983964600,7.231577000,7.234318000,-0.002741000,0.702131000,3.118890000
266,4.986738600,7.231577000,7.260739000,-0.029162000,0.702115000,3.118667000
267,4.988482400,7.231577000,7.260468000,-0.028891000,0.702100000,3.118448000
268,4.990293000,7.231577000,7.260201000,-0.028624000,0.702084000,3.118231000
269,5.001780900,7.231577000,7.259937000,-0.028360000,0.702069000,3.118018000
270,5.022417100,7.231577000,7.259676000,-0.028099000,0.702054000,3.117807000
271,5.102423300,7.231577000,7.259420000,-0.027843000,0.702039000,3.117599000
272,5.106374800,7.269241000,7.259167000,0.010074000,0.702044000,3.117674000
273,5.109280200,7.231577000,7.285700000,-0.054123000,0.701991000,3.117522000
274,5.112569000,7.231577000,7.258768000,-0.027191000,0.701977000,3.117320000
275,5.115951400,7.269241000,7.258524000,0.010717000,0.701982000,3.117399000
276,5.135497100,7.231577000,7.285059000,-0.053482000,0.701930000,3.117255000
277,5.224757100,7.269241000,7.258142000,0.011099000,0.701936000,3.117337000
278,5.228483800,7.231577000,7.284679000,-0.053102000,0.701884000,3.117198000
279,5.230750600,7.269241000,7.257770000,0.011471000,0.701890000,3.117282000
280,5.232946900,7.269241000,7.284307000,-0.015066000,0.701876000,3.117243000
281,5.235986600,7.269241000,7.284173000,-0.014932000,0.701861000,3.117205000
282,5.256601200,7.269241000,7.284042000,-0.014801000,0.701847000,3.117167000
283,5.340450400,7.231577000,7.283912000,-0.052335000,0.701797000,3.117035000
284,5.343492500,7.269241000,7.257022000,0.012219000,0.701803000,3.117125000
285,5.345362300,7.269241000,7.283561000,-0.014320000,0.701789000,3.117090000
286,5.347293300,7.269241000,7.283437000,-0.014196000,0.701776000,3.117054000
287,5.357017900,7.269241000,7.283314000,-0.014073000,0.701762000,3.117020000
288,5.377050200,7.231577000,7.283193000,-0.051616000,0.701714000,3.116894000
289,5.453912800,7.269241000,7.256321000,0.012920000,0.701719000,3.116990000
290,5.456589000,7.231577000,7.282861000,-0.051284000,0.701671000,3.116867000
291,5.458366400,7.269241000,7.255996000,0.013245000,0.701677000,3.116965000
292,5.460310100,7.231577000,7.282536000,-0.050959000,0.701629000,3.116847000
293,5.479624100,7.269241000,7.255679000,0.013562000,0.701635000,3.116947000
294,5.499926600,7.269241000,7.282218000,-0.012977000,0.701623000,3.116918000
295,5.576189500,6.478288000,6.035342000,0.442946000,0.721693000,2.912350000
296,5.579445300,5.197696000,5.549042000,-0.351346000,0.710180000,3.029396000
297,5.581707300,4.482071000,4.600118000,-0.118047000,0.707868000,3.052684000
298,5.585525500,3.992433000,4.088518000,-0.096085000,0.706645000,3.064828000
299,5.601832800,3.653453000,3.740681000,-0.087228000,0.705932000,3.071754000
300,5.621291500,3.427466000,3.500615000,-0.073149000,0.705562000,3.075204000
301,5.705158500,3.276808000,3.340850000,-0.064042000,0.705370000,3.076848000
302,5.708421700,3.163815000,3.234418000,-0.070603000,0.705258000,3.077643000
303,5.710735500,3.163815000,3.154598000,0.009217000,0.705263000,3.077639000
304,5.713467300,3.088486000,3.154613000,-0.066127000,0.705227000,3.077665000
305,5.721968200,3.126150000,3.101382000,0.024768000,0.705223000,3.077837000
306,5.741979600,3.126150000,3.127983000,-0.001833000,0.705222000,3.077832000
307,5.837231800,3.126150000,3.127980000,-0.001830000,0.705222000,3.077826000
308,5.841097700,3.126150000,3.127977000,-0.001827000,0.705222000,3.077820000
309,5.843616500,3.088486000,3.127974000,-0.039488000,0.705214000,3.077688000
310,5.845827200,3.126150000,3.101349000,0.024801000,0.705210000,3.077865000
311,5.848072400,3.126150000,3.127951000,-0.001801000,0.705209000,3.077859000
312,5.861698600,3.126150000,3.127948000,-0.001798000,0.705209000,3.077853000
313,5.882144800,3.126150000,3.127945000,-0.001795000,0.705209000,3.077847000
314,5.960141200,3.126150000,3.127942000,-0.001792000,0.705208000,3.077841000
315,5.963583600,3.126150000,3.127939000,-0.001789000,0.705208000,3.077835000
316,5.965757700,3.126150000,3.127936000,-0.001786000,0.705207000,3.077829000
317,5.967802900,3.126150000,3.127933000,-0.001783000,0.705207000,3.077823000
318,5.981808600,3.126150000,3.127930000,-0.001780000,0.705207000,3.077817000
319,6.001697200,3.126150000,3.127928000,-0.001778000,0.705206000,3.077811000
320,6.085474000,3.126150000,3.127924000,-0.001774000,0.705206000,3.077804000
321,6.088559800,3.163815000,3.127921000,0.035894000,0.705213000,3.077928000
322,6.090616600,3.126150000,3.154543000,-0.028393000,0.705197000,3.077944000
323,6.092929400,3.126150000,3.127934000,-0.001784000,0.705196000,3.077937000
324,6.102020900,3.126150000,3.127931000,-0.001781000,0.705196000,3.077931000
325,6.121793500,3.126150000,3.127928000,-0.001778000,0.705196000,3.077925000
326,6.208238500,3.126150000,3.127925000,-0.001775000,0.705195000,3.077919000
327,6.211969300,3.163815000,3.127922000,0.035893000,0.705203000,3.078045000
328,6.215067400,3.126150000,3.154545000,-0.028395000,0.705185000,3.078062000
329,6.217616200,3.126150000,3.127934000,-0.001784000,0.705185000,3.078055000
330,6.221807900,3.126150000,3.127931000,-0.001781000,0.705185000,3.078049000
331,6.241907400,3.126150000,3.127928000,-0.001778000,0.705184000,3.078043000
332,6.325419500,3.163815000,3.127925000,0.035890000,0.705192000,3.078171000
333,6.328236900,3.126150000,3.154549000,-0.028399000,0.705174000,3.078189000
334,6.329899400,3.126150000,3.127938000,-0.001788000,0.705174000,3.078183000
335,6.332015000,3.766446000,3.897480000,-0.131034000,0.708599000,3.041405000
336,6.341949600,4.670393000,4.341674000,0.328719000,0.702398000,3.108833000
337,6.361787200,5.197696000,4.990335000,0.207361000,0.700367000,3.131962000
338,6.435904400,5.461347000,5.362875000,0.098472000,0.699916000,3.137653000
339,6.438539500,5.574340000,5.548195000,0.026145000,0.699865000,3.138461000
340,6.440391900,5.724998000,5.627439000,0.097559000,0.699783000,3.140347000
341,6.442660400,5.762663000,5.733445000,0.029218000,0.699802000,3.140459000
342,6.461852700,5.800327000,5.759975000,0.040352000,0.699844000,3.140456000
343,6.481977200,5.875656000,5.786574000,0.089082000,0.699970000,3.140104000
344,6.538374500,5.875656000,5.839840000,0.035816000,0.700048000,3.139681000
345,6.540948300,5.875656000,5.840066000,0.035590000,0.700126000,3.139261000
346,6.542801300,5.913321000,5.840290000,0.073031000,0.700284000,3.138401000
347,6.561969100,5.875656000,5.867126000,0.008530000,0.700306000,3.138267000
348,6.581552300,5.913321000,5.840804000,0.072517000,0.700463000,3.137417000
349,6.638380600,5.875656000,5.867641000,0.008015000,0.700483000,3.137291000
350,6.640935600,5.875656000,5.841309000,0.034347000,0.700557000,3.136891000
351,6.643424800,5.913321000,5.841524000,0.071797000,0.700712000,3.136055000
352,6.661543000,5.913321000,5.868365000,0.044956000,0.700826000,3.135348000
353,6.681621500,5.875656000,5.868653000,0.007003000,0.700844000,3.135238000
354,6.745220000,5.875656000,5.842301000,0.033355000,0.700916000,3.134853000
355,6.747766200,5.913321000,5.842508000,0.070813000,0.701067000,3.134036000
356,6.749426000,5.875656000,5.869354000,0.006302000,0.701083000,3.133937000
357,6.761868800,5.913321000,5.842988000,0.070333000,0.701233000,3.133130000
358,6.781789300,5.875656000,5.869835000,0.005821000,0.701247000,3.133039000
359,6.850418700,5.913321000,5.843460000,0.069861000,0.701396000,3.132241000
360,6.853311300,5.875656000,5.870310000,0.005346000,0.701409000,3.132157000
361,6.854858000,5.913321000,5.843925000,0.069396000,0.701556000,3.131368000
362,6.861841900,5.875656000,5.870777000,0.004879000,0.701568000,3.131291000
363,6.881766400,5.875656000,5.844384000,0.031272000,0.701634000,3.130937000
364,6.951686900,5.913321000,5.844576000,0.068745000,0.701779000,3.130160000
365,6.954402500,5.913321000,5.871430000,0.041891000,0.701884000,3.129505000
366,6.955911000,5.875656000,5.871695000,0.003961000,0.701894000,3.129444000
367,6.962017400,5.875656000,5.845283000,0.030373000,0.701958000,3.129103000
368,6.981866500,5.913321000,5.845469000,0.067852000,0.702099000,3.128343000
369,7.061391600,5.913321000,5.872328000,0.040993000,0.702202000,3.127704000
370,7.065698500,5.875656000,5.872586000,0.003070000,0.702210000,3.127656000
371,7.068607800,5.913321000,5.846156000,0.067165000,0.702350000,3.126910000
372,7.071470300,5.875656000,5.873019000,0.002637000,0.702356000,3.126869000
373,7.082213500,5.875656000,5.846581000,0.029075000,0.702416000,3.126547000
374,7.101871100,5.913321000,5.846758000,0.066563000,0.702554000,3.125813000
375,7.164395600,6.289966000,6.498786000,-0.208820000,0.706880000,3.078170000
376,7.166821500,6.892597000,6.754876000,0.137721000,0.704677000,3.102819000
377,7.168375500,7.269241000,7.184166000,0.085075000,0.703893000,3.112071000
378,7.181585600,7.419899000,7.450825000,-0.030926000,0.704048000,3.110047000
379,7.201854100,7.532893000,7.556504000,-0.023611000,0.704127000,3.108915000
380,7.266914400,7.645886000,7.635798000,0.010088000,0.704106000,3.109266000
381,7.269675100,7.645886000,7.715466000,-0.069580000,0.704161000,3.107752000
382,7.271887000,7.758879000,7.714751000,0.044128000,0.704126000,3.108707000
383,7.281710100,7.758879000,7.794763000,-0.035884000,0.704109000,3.108402000
384,7.301856200,7.796544000,7.794399000,0.002145000,0.704110000,3.108421000
385,7.370178800,7.834208000,7.820941000,0.013267000,0.704122000,3.108474000
386,7.374094600,7.834208000,7.847596000,-0.013388000,0.704104000,3.108479000
387,7.376074700,7.871873000,7.847460000,0.024413000,0.704137000,3.108469000
388,7.381920400,7.871873000,7.874227000,-0.002354000,0.704133000,3.108481000
389,7.402032800,7.871873000,7.874203000,-0.002330000,0.704129000,3.108492000
390,7.475570500,7.871873000,7.874179000,-0.002306000,0.704125000,3.108503000
391,7.478243400,7.871873000,7.874156000,-0.002283000,0.704121000,3.108514000
392,7.480047500,7.871873000,7.874133000,-0.002260000,0.704117000,3.108525000
393,7.481968700,7.871873000,7.874111000,-0.002238000,0.704113000,3.108536000
394,7.501733700,7.834208000,7.874089000,-0.039881000,0.704045000,3.108724000
395,7.521941800,7.871873000,7.847179000,0.024694000,0.704076000,3.108722000
396,7.576677600,7.871873000,7.873937000,-0.002064000,0.704072000,3.108732000
397,7.578981000,7.871873000,7.873917000,-0.002044000,0.704069000,3.108741000
398,7.581544300,7.871873000,7.873897000,-0.002024000,0.704066000,3.108751000
399,7.601759400,7.871873000,7.873877000,-0.002004000,0.704062000,3.108760000
400,7.621822600,7.871873000,7.873857000,-0.001984000,0.704059000,3.108769000
401,7.679502700,7.834208000,7.873839000,-0.039631000,0.703994000,3.108952000
402,7.682141300,7.871873000,7.846946000,0.024927000,0.704023000,3.108957000
403,7.684010400,7.834208000,7.873697000,-0.039489000,0.703958000,3.109139000
404,7.701610300,7.871873000,7.846810000,0.025063000,0.703987000,3.109145000
405,7.722174500,7.871873000,7.873559000,-0.001686000,0.703985000,3.109153000
406,7.792719300,7.834208000,7.873543000,-0.039335000,0.703921000,3.109334000
407,7.795566900,7.871873000,7.846664000,0.025209000,0.703950000,3.109342000
408,7.797347200,7.871873000,7.873409000,-0.001536000,0.703947000,3.109349000
409,7.802034600,7.871873000,7.873395000,-0.001522000,0.703945000,3.109356000
410,7.821950200,7.834208000,7.873381000,-0.039173000,0.703882000,3.109535000
411,7.896426200,7.871873000,7.846511000,0.025362000,0.703910000,3.109546000
412,7.898949600,7.871873000,7.873252000,-0.001379000,0.703908000,3.109552000
413,7.900592400,7.871873000,7.873239000,-0.001366000,0.703906000,3.109558000
414,7.902511200,7.834208000,7.873227000,-0.039019000,0.703844000,3.109735000
415,7.921665500,7.231577000,6.757958000,0.473619000,0.723417000,2.909957000
416,7.941573100,6.176972000,6.395425000,-0.218453000,0.716576000,2.979573000
417,8.006895000,5.536676000,5.618102000,-0.081426000,0.714963000,2.995824000
418,8.009770500,5.084702000,5.156849000,-0.072147000,0.714002000,3.005360000
419,8.011617700,4.745723000,4.832633000,-0.086910000,0.713229000,3.012853000
420,8.015487800,4.557400000,4.589930000,-0.032530000,0.713046000,3.014549000
421,8.035816200,4.369078000,4.455458000,-0.086380000,0.712718000,3.017420000
422,8.109580200,4.293749000,4.320888000,-0.027139000,0.712664000,3.017807000
423,8.111950200,4.293749000,4.267123000,0.026626000,0.712697000,3.017631000
424,8.113486500,4.256084000,4.267196000,-0.011112000,0.712683000,3.017704000
425,8.116864200,4.256084000,4.240323000,0.015761000,0.712697000,3.017660000
426,8.136791500,4.293749000,4.240364000,0.053385000,0.712745000,3.017511000
427,8.156626700,4.256084000,4.267351000,-0.011267000,0.712731000,3.017586000
428,8.218277100,4.256084000,4.240476000,0.015608000,0.712744000,3.017542000
429,8.221390800,4.256084000,4.240518000,0.015566000,0.712758000,3.017498000
430,8.223588900,4.256084000,4.240559000,0.015525000,0.712772000,3.017455000
431,8.238025100,4.256084000,4.240601000,0.015483000,0.712786000,3.017411000
432,8.257769800,4.256084000,4.240643000,0.015441000,0.712800000,3.017367000
433,8.326881200,4.293749000,4.240684000,0.053065000,0.712848000,3.017216000
434,8.329679200,4.218420000,4.267676000,-0.049256000,0.712784000,3.017556000
435,8.331542100,4.293749000,4.213846000,0.079903000,0.712825000,3.017653000
436,8.338873800,4.218420000,4.267755000,-0.049335000,0.712761000,3.017996000
437,8.359693700,4.256084000,4.213925000,0.042159000,0.712783000,3.018049000
438,8.441254800,4.256084000,4.240884000,0.015200000,0.712797000,3.018005000
439,8.444457300,4.256084000,4.240926000,0.015158000,0.712811000,3.017962000
440,8.446362600,4.256084000,4.240968000,0.015116000,0.712825000,3.017918000
441,8.448293900,4.218420000,4.241009000,-0.022589000,0.712804000,3.017983000
442,8.461701800,4.256084000,4.214100000,0.041984000,0.712826000,3.018038000
443,8.481854400,4.256084000,4.241062000,0.015022000,0.712840000,3.017994000
444,8.542159700,4.218420000,4.241103000,-0.022683000,0.712819000,3.018061000
445,8.544746800,4.256084000,4.214192000,0.041892000,0.712840000,3.018117000
446,8.546250500,4.256084000,4.241155000,0.014929000,0.712854000,3.018073000
447,8.562040600,4.218420000,4.241197000,-0.022777000,0.712833000,3.018140000
448,8.581879500,4.256084000,4.214284000,0.041800000,0.712855000,3.018198000
449,8.644426400,4.218420000,4.241249000,-0.022829000,0.712833000,3.018265000
450,8.646934600,4.256084000,4.214336000,0.041748000,0.712855000,3.018324000
451,8.648510000,4.218420000,4.241300000,-0.022880000,0.712833000,3.018392000
452,8.661875700,4.256084000,4.214387000,0.041697000,0.712855000,3.018451000
453,8.682114300,4.256084000,4.241352000,0.014732000,0.712869000,3.018407000
454,8.745363700,4.218420000,4.241394000,-0.022974000,0.712847000,3.018476000
455,8.747842300,5.310689000,5.572794000,-0.262105000,0.723929000,2.899818000
456,8.749331700,6.854933000,6.309406000,0.545527000,0.708236000,3.069534000
457,8.761734200,7.608222000,7.464016000,0.144206000,0.706025000,3.094345000
458,8.781876600,8.022531000,8.001787000,0.020744000,0.705837000,3.096570000
459,8.854730000,8.323847000,8.294683000,0.029164000,0.705672000,3.098671000
460,8.857479200,8.512169000,8.507779000,0.004390000,0.705658000,3.098876000
461,8.859193000,8.549833000,8.640728000,-0.090895000,0.705808000,3.096078000
462,8.861696200,8.587498000,8.666205000,-0.078707000,0.705912000,3.093917000
463,8.881527900,8.662827000,8.691851000,-0.029024000,0.705942000,3.093217000
464,8.901502000,8.700491000,8.744686000,-0.044195000,0.705959000,3.092438000
465,8.964011600,8.700491000,8.770761000,-0.070270000,0.705965000,3.091429000
466,8.966833100,8.738155000,8.769952000,-0.031797000,0.705967000,3.090975000
467,8.968553300,8.738155000,8.796178000,-0.058023000,0.705953000,3.090339000
468,8.981646100,8.738155000,8.795518000,-0.057363000,0.705940000,3.089714000
469,9.001925100,8.738155000,8.794868000,-0.056713000,0.705927000,3.089100000
470,9.063030100,8.738155000,8.794230000,-0.056075000,0.705914000,3.088496000
471,9.065435900,8.738155000,8.793604000,-0.055449000,0.705901000,3.087903000
472,9.066911800,8.700491000,8.792988000,-0.092497000,0.705880000,3.086920000
473,9.081996900,8.738155000,8.765382000,-0.027227000,0.705882000,3.086542000
474,9.101594500,8.738155000,8.791669000,-0.053514000,0.705870000,3.085982000
475,9.165241900,8.738155000,8.791086000,-0.052931000,0.705858000,3.085431000
476,9.167711500,8.738155000,8.790512000,-0.052357000,0.705846000,3.084889000
477,9.169283800,8.738155000,8.789948000,-0.051793000,0.705834000,3.084357000
478,9.181879100,8.775820000,8.789392000,-0.013572000,0.705831000,3.084218000
479,9.201955200,8.738155000,8.815833000,-0.077678000,0.705788000,3.083692000
480,9.270110800,8.775820000,8.788424000,-0.012604000,0.705785000,3.083564000
481,9.272715500,8.738155000,8.814875000,-0.076720000,0.705743000,3.083054000
482,9.274254400,8.775820000,8.787487000,-0.011667000,0.705740000,3.082936000
483,9.281654000,8.738155000,8.813947000,-0.075792000,0.705699000,3.082440000
484,9.301657600,8.775820000,8.786579000,-0.010759000,0.705696000,3.082333000
485,9.374930500,8.775820000,8.813048000,-0.037228000,0.705676000,3.082093000
486,9.377586100,8.775820000,8.812665000,-0.036845000,0.705656000,3.081857000
487,9.379153700,8.775820000,8.812288000,-0.036468000,0.705636000,3.081625000
488,9.382006500,8.775820000,8.811917000,-0.036097000,0.705617000,3.081396000
489,9.401750000,8.775820000,8.811552000,-0.035732000,0.705598000,3.081171000
490,9.421802900,8.775820000,8.811192000,-0.035372000,0.705579000,3.080949000
491,9.475894400,8.775820000,8.810838000,-0.035018000,0.705560000,3.080730000
492,9.478197900,8.775820000,8.810489000,-0.034669000,0.705542000,3.080515000
493,9.481532000,8.775820000,8.810144000,-0.034324000,0.705524000,3.080302000
494,9.501682600,8.738155000,8.809805000,-0.071650000,0.705486000,3.079862000
495,9.521504800,8.399176000,8.012564000,0.386612000,0.714504000,2.990287000
496,9.586567700,7.758879000,7.795420000,-0.036541000,0.713796000,2.997282000
497,9.589635100,7.306906000,7.336629000,-0.029723000,0.713395000,3.001176000
498,9.591690400,6.967926000,7.013418000,-0.045492000,0.712963000,3.005272000
499,9.601766700,6.741939000,6.771034000,-0.029095000,0.712771000,3.007014000
500,9.622025600,6.628946000,6.609667000,0.019279000,0.712861000,3.006246000
501,9.702247000,6.515952000,6.529262000,-0.013310000,0.712812000,3.006642000
502,9.705516300,6.440623000,6.448632000,-0.008009000,0.712790000,3.006801000
503,9.707640800,6.402958000,6.394892000,0.008066000,0.712807000,3.006696000
504,9.709363400,6.365294000,6.368088000,-0.002794000,0.712802000,3.006722000
505,9.721748000,6.327630000,6.341227000,-0.013597000,0.712783000,3.006808000
506,9.741692200,6.289966000,6.314310000,-0.024344000,0.712757000,3.006878000
507,9.810361500,6.289966000,6.287343000,0.002623000,0.712759000,3.006879000
508,9.813521800,6.289966000,6.287355000,0.002611000,0.712761000,3.006881000
509,9.815491100,6.252301000,6.287368000,-0.035067000,0.712735000,3.006861000
510,9.821914500,6.289966000,6.260350000,0.029616000,0.712747000,3.006980000
511,9.841513900,6.252301000,6.287340000,-0.035039000,0.712721000,3.006961000
512,9.914764100,6.289966000,6.260323000,0.029643000,0.712733000,3.007082000
513,9.917701000,6.252301000,6.287313000,-0.035012000,0.712707000,3.007063000
514,9.919620300,6.252301000,6.260295000,-0.007994000,0.712704000,3.007030000
515,9.922101200,6.252301000,6.260256000,-0.007955000,0.712701000,3.006998000
516,9.941767400,6.252301000,6.260217000,-0.007916000,0.712697000,3.006966000
517,9.961860200,6.289966000,6.260179000,0.029787000,0.712709000,3.007087000
518,10.033898600,6.252301000,6.287169000,-0.034868000,0.712683000,3.007071000
519,10.036754200,6.252301000,6.260153000,-0.007852000,0.712680000,3.007039000
520,10.038475200,6.252301000,6.260114000,-0.007813000,0.712677000,3.007007000
521,10.041889400,6.252301000,6.260076000,-0.007775000,0.712674000,3.006976000
522,10.061740600,6.252301000,6.260038000,-0.007737000,0.712671000,3.006944000
523,10.081661900,6.252301000,6.260000000,-0.007699000,0.712668000,3.006912000
524,10.140266600,6.252301000,6.259962000,-0.007661000,0.712665000,3.006881000
525,10.142925800,6.252301000,6.259924000,-0.007623000,0.712662000,3.006850000
526,10.144572000,6.252301000,6.259887000,-0.007586000,0.712659000,3.006819000
527,10.161804500,6.289966000,6.259850000,0.030116000,0.712671000,3.006942000
528,10.181565700,6.252301000,6.286840000,-0.034539000,0.712645000,3.006932000
529,10.253337600,6.252301000,6.259827000,-0.007526000,0.712642000,3.006901000
530,10.256169600,6.289966000,6.259790000,0.030176000,0.712653000,3.007025000
531,10.258018800,6.252301000,6.286781000,-0.034480000,0.712627000,3.007017000
532,10.261940100,6.252301000,6.259769000,-0.007468000,0.712624000,3.006986000
533,10.281973300,6.252301000,6.259732000,-0.007431000,0.712621000,3.006955000
534,10.301873300,6.289966000,6.259695000,0.030271000,0.712633000,3.007080000
535,10.370077600,5.762663000,5.534915000,0.227748000,0.718373000,2.948647000
536,10.373228900,5.047038000,5.171771000,-0.124733000,0.715949000,2.973212000
537,10.375111100,4.519735000,4.654046000,-0.134311000,0.714241000,2.990304000
538,10.381964600,4.218420000,4.274787000,-0.056367000,0.713794000,2.994681000
539,10.401877700,3.992433000,4.059220000,-0.066787000,0.713444000,2.997988000
540,10.482982600,3.879440000,3.897675000,-0.018235000,0.713386000,2.998507000
541,10.487202000,3.804111000,3.817015000,-0.012904000,0.713358000,2.998737000
542,10.489179100,3.728782000,3.763250000,-0.034468000,0.713306000,2.999109000
543,10.490936700,3.728782000,3.709449000,0.019333000,0.713322000,2.999038000
544,10.501601100,3.728782000,3.709484000,0.019298000,0.713338000,2.998968000
545,10.521829500,3.691118000,3.709519000,-0.018401000,0.713322000,2.999035000
546,10.596564200,3.691118000,3.682619000,0.008499000,0.713326000,2.999035000
547,10.599222600,3.691118000,3.682634000,0.008484000,0.713331000,2.999034000
548,10.600837000,3.728782000,3.682649000,0.046133000,0.713353000,2.999032000
549,10.602607900,3.691118000,3.709598000,-0.018480000,0.713337000,2.999101000
550,10.621498100,3.691118000,3.682697000,0.008421000,0.713341000,2.999101000
551,10.641992200,3.691118000,3.682713000,0.008405000,0.713346000,2.999101000
552,10.696965300,3.728782000,3.682727000,0.046055000,0.713368000,2.999099000
553,10.699297600,3.691118000,3.709678000,-0.018560000,0.713352000,2.999170000
554,10.701617800,3.728782000,3.682776000,0.046006000,0.713375000,2.999168000
555,10.721491200,3.691118000,3.709728000,-0.018610000,0.713359000,2.999240000
556,10.741482800,3.728782000,3.682825000,0.045957000,0.713382000,2.999239000
557,10.800338600,3.691118000,3.709778000,-0.018660000,0.713365000,2.999311000
558,10.803054500,3.728782000,3.682875000,0.045907000,0.713388000,2.999310000
559,10.804714800,3.691118000,3.709828000,-0.018710000,0.713372000,2.999383000
560,10.821409600,3.728782000,3.682924000,0.045858000,0.713395000,2.999383000
561,10.841843700,3.691118000,3.709877000,-0.018759000,0.713378000,2.999456000
562,10.909573900,3.728782000,3.682973000,0.045809000,0.713401000,2.999456000
563,10.912278800,3.691118000,3.709928000,-0.018810000,0.713385000,2.999531000
564,10.914028700,3.728782000,3.683023000,0.045759000,0.713408000,2.999531000
565,10.921795700,3.691118000,3.709978000,-0.018860000,0.713391000,2.999607000
566,10.941833800,3.691118000,3.683072000,0.008046000,0.713395000,2.999607000
567,11.018243800,3.728782000,3.683087000,0.045695000,0.713418000,2.999607000
568,11.020606600,3.691118000,3.710044000,-0.018926000,0.713401000,2.999684000
569,11.022622500,3.728782000,3.683137000,0.045645000,0.713425000,2.999685000
570,11.025092100,3.691118000,3.710094000,-0.018976000,0.713407000,2.999762000
571,11.041705000,3.691118000,3.683187000,0.007931000,0.713411000,2.999763000
572,11.061603000,3.691118000,3.683202000,0.007916000,0.713415000,2.999763000
573,11.126275200,3.728782000,3.683217000,0.045565000,0.713439000,2.999764000
574,11.128820900,3.691118000,3.710176000,-0.019058000,0.713421000,2.999843000
575,11.130539500,4.557400000,4.733213000,-0.175813000,0.719347000,2.936504000
576,11.141884700,5.762663000,5.333903000,0.428760000,0.709136000,3.046707000
577,11.161695900,6.440623000,6.219206000,0.221417000,0.706296000,3.078408000
578,11.227435600,6.779603000,6.703872000,0.075731000,0.705779000,3.084558000
579,11.229909000,7.043255000,6.944090000,0.099165000,0.705397000,3.089554000
580,11.231495300,7.118584000,7.130980000,-0.012396000,0.705416000,3.089227000
581,11.241936000,7.156249000,7.184023000,-0.027774000,0.705440000,3.088685000
582,11.261509000,7.231577000,7.210383000,0.021194000,0.705429000,3.089024000
583,11.328253900,7.231577000,7.263680000,-0.032103000,0.705424000,3.088732000
584,11.330715300,7.269241000,7.263443000,0.005798000,0.705425000,3.088785000
585,11.332518500,7.269241000,7.290055000,-0.020814000,0.705415000,3.088670000
586,11.342267200,7.269241000,7.289901000,-0.020660000,0.705405000,3.088555000
587,11.362148000,7.269241000,7.289748000,-0.020507000,0.705395000,3.088442000
588,11.427833400,7.306906000,7.289597000,0.017309000,0.705403000,3.088537000
589,11.430313600,7.269241000,7.316292000,-0.047051000,0.705365000,3.088446000
590,11.432018000,7.269241000,7.289378000,-0.020137000,0.705355000,3.088335000
591,11.441578200,7.269241000,7.289230000,-0.019989000,0.705346000,3.088224000
592,11.461525400,7.306906000,7.289084000,0.017822000,0.705354000,3.088322000
593,11.530827300,7.269241000,7.315781000,-0.046540000,0.705316000,3.088236000
594,11.533748400,7.306906000,7.288875000,0.018031000,0.705324000,3.088336000
595,11.535442700,7.306906000,7.315571000,-0.008665000,0.705317000,3.088320000
596,11.541994700,7.306906000,7.315508000,-0.008602000,0.705310000,3.088304000
597,11.561577700,7.306906000,7.315445000,-0.008539000,0.705303000,3.088289000
598,11.643394900,7.306906000,7.315384000,-0.008478000,0.705296000,3.088274000
599,11.645880000,7.306906000,7.315322000,-0.008416000,0.705289000,3.088259000
600,11.647402800,7.306906000,7.315262000,-0.008356000,0.705282000,3.088243000
601,11.648858200,7.306906000,7.315202000,-0.008296000,0.705276000,3.088229000
602,11.662013500,7.344571000,7.315142000,0.029429000,0.705299000,3.088281000
603,11.682017200,7.306906000,7.341918000,-0.035012000,0.705258000,3.088352000
604,11.750828000,7.306906000,7.315101000,-0.008195000,0.705252000,3.088338000
605,11.753603400,7.344571000,7.315042000,0.029529000,0.705275000,3.088391000
606,11.755623700,7.344571000,7.341817000,0.002754000,0.705278000,3.088385000
607,11.757598600,7.306906000,7.341837000,-0.034931000,0.705237000,3.088458000
608,11.775643000,7.344571000,7.315023000,0.029548000,0.705261000,3.088512000
609,11.795824300,7.306906000,7.341797000,-0.034891000,0.705220000,3.088585000
610,11.863017500,7.306906000,7.314986000,-0.008080000,0.705214000,3.088570000
611,11.867115000,7.306906000,7.314929000,-0.008023000,0.705207000,3.088555000
612,11.870257400,7.306906000,7.314872000,-0.007966000,0.705201000,3.088540000
613,11.877123400,7.306906000,7.314816000,-0.007910000,0.705195000,3.088526000
614,11.897143400,7.306906000,7.314760000,-0.007854000,0.705189000,3.088511000
615,11.984500100,6.515952000,6.079300000,0.436652000,0.721436000,2.922215000
616,11.989292200,5.273025000,5.577509000,-0.304484000,0.713070000,3.007622000
617,11.991006300,4.482071000,4.662323000,-0.180252000,0.710028000,3.038406000
618,11.993062200,3.992433000,4.093918000,-0.101485000,0.708954000,3.049117000
619,12.001839000,3.653453000,3.745186000,-0.091733000,0.708332000,3.055179000
620,12.021927700,3.427466000,3.504411000,-0.076945000,0.708011000,3.058175000
621,12.093545300,3.276808000,3.344136000,-0.067328000,0.707848000,3.059576000
622,12.096051200,3.201479000,3.237355000,-0.035876000,0.707803000,3.059886000
623,12.097717400,3.126150000,3.183982000,-0.057832000,0.707764000,3.060034000
624,12.101769900,3.126150000,3.130588000,-0.004438000,0.707764000,3.060018000
625,12.121861600,3.163815000,3.130582000,0.033233000,0.707766000,3.060138000
626,12.201303500,3.126150000,3.157284000,-0.031134000,0.707755000,3.060122000
627,12.203911700,3.126150000,3.130584000,-0.004434000,0.707754000,3.060106000
628,12.205446800,3.163815000,3.130579000,0.033236000,0.707757000,3.060228000
629,12.206971300,3.126150000,3.157280000,-0.031130000,0.707745000,3.060212000
630,12.221579400,3.126150000,3.130581000,-0.004431000,0.707745000,3.060195000
631,12.241736100,3.163815000,3.130575000,0.033240000,0.707747000,3.060319000
632,12.310291200,3.126150000,3.157277000,-0.031127000,0.707735000,3.060303000
633,12.312968500,3.126150000,3.130577000,-0.004427000,0.707735000,3.060286000
634,12.314470200,3.163815000,3.130571000,0.033244000,0.707737000,3.060411000
635,12.322013700,3.126150000,3.157274000,-0.031124000,0.707725000,3.060395000
636,12.341702300,3.163815000,3.130574000,0.033241000,0.707728000,3.060521000
637,12.422799700,3.126150000,3.157276000,-0.031126000,0.707716000,3.060505000
638,12.425511200,3.163815000,3.130577000,0.033238000,0.707718000,3.060632000
639,12.427121800,3.126150000,3.157279000,-0.031129000,0.707706000,3.060616000
640,12.428621900,3.163815000,3.130579000,0.033236000,0.707708000,3.060744000
641,12.441743400,3.126150000,3.157282000,-0.031132000,0.707696000,3.060729000
642,12.461646900,3.163815000,3.130582000,0.033233000,0.707698000,3.060858000
643,12.526171900,3.126150000,3.157284000,-0.031134000,0.707686000,3.060842000
644,12.528585100,3.163815000,3.130585000,0.033230000,0.707688000,3.060972000
645,12.530066800,3.126150000,3.157287000,-0.031137000,0.707676000,3.060956000
646,12.541790200,3.126150000,3.130588000,-0.004438000,0.707675000,3.060939000
647,12.561722900,3.163815000,3.130581000,0.033234000,0.707678000,3.061071000
648,12.639897400,3.126150000,3.157283000,-0.031133000,0.707665000,3.061055000
649,12.642790000,3.163815000,3.130584000,0.033231000,0.707668000,3.061188000
650,12.644453600,3.126150000,3.157286000,-0.031136000,0.707655000,3.061173000
651,12.646121900,3.126150000,3.130587000,-0.004437000,0.707654000,3.061155000
652,12.661545200,3.163815000,3.130580000,0.033235000,0.707657000,3.061289000
653,12.681727000,3.126150000,3.157283000,-0.031133000,0.707644000,3.061274000
654,12.749061600,3.126150000,3.130583000,-0.004433000,0.707643000,3.061256000
655,12.751753300,3.766446000,3.895890000,-0.129444000,0.710541000,3.030044000
656,12.753640600,4.708058000,4.342740000,0.365318000,0.704589000,3.094945000
657,12.761775200,5.160031000,5.019466000,0.140565000,0.703428000,3.108222000
658,12.781978500,5.461347000,5.339231000,0.122116000,0.702885000,3.114928000
659,12.850662100,5.612005000,5.551911000,0.060094000,0.702772000,3.116645000
660,12.853562000,5.724998000,5.658113000,0.066885000,0.702731000,3.117672000
661,12.855209200,5.800327000,5.737851000,0.062476000,0.702752000,3.118009000
662,12.861675600,5.837992000,5.791099000,0.046893000,0.702799000,3.117949000
663,12.882049000,5.875656000,5.817808000,0.057848000,0.702876000,3.117680000
664,12.958872000,5.875656000,5.844579000,0.031077000,0.702927000,3.117431000
665,12.961547300,5.913321000,5.844743000,0.068578000,0.703040000,3.116882000
666,12.963446800,5.875656000,5.871584000,0.004072000,0.703048000,3.116835000
667,12.966225700,5.913321000,5.845126000,0.068195000,0.703160000,3.116291000
668,12.981870800,5.875656000,5.871969000,0.003687000,0.703167000,3.116248000
669,13.001550700,5.875656000,5.845504000,0.030152000,0.703216000,3.116008000
670,13.058685400,5.913321000,5.845663000,0.067658000,0.703327000,3.115469000
671,13.061118000,5.875656000,5.872509000,0.003147000,0.703334000,3.115433000
672,13.062975900,5.913321000,5.846035000,0.067286000,0.703444000,3.114899000
673,13.082096200,5.875656000,5.872884000,0.002772000,0.703449000,3.114867000
674,13.101792300,5.913321000,5.846404000,0.066917000,0.703559000,3.114338000
675,13.164093100,5.875656000,5.873255000,0.002401000,0.703564000,3.114310000
676,13.166578000,5.913321000,5.846768000,0.066553000,0.703672000,3.113785000
677,13.168117100,5.875656000,5.873621000,0.002035000,0.703676000,3.113761000
678,13.181663500,5.875656000,5.847128000,0.028528000,0.703723000,3.113537000
679,13.202021200,5.913321000,5.847278000,0.066043000,0.703830000,3.113017000
680,13.268879100,5.875656000,5.874134000,0.001522000,0.703833000,3.113000000
681,13.271714700,5.875656000,5.847632000,0.028024000,0.703879000,3.112780000
682,13.273698900,5.875656000,5.847779000,0.027877000,0.703924000,3.112561000
683,13.281818700,5.913321000,5.847925000,0.065396000,0.704030000,3.112049000
684,13.301920700,5.875656000,5.874785000,0.000871000,0.704032000,3.112039000
685,13.383084400,5.875656000,5.848272000,0.027384000,0.704077000,3.111825000
686,13.385932200,5.875656000,5.848415000,0.027241000,0.704121000,3.111612000
687,13.387565300,5.913321000,5.848558000,0.064763000,0.704226000,3.111106000
688,13.389029500,5.875656000,5.875422000,0.000234000,0.704226000,3.111103000
689,13.401822500,5.875656000,5.848898000,0.026758000,0.704270000,3.110895000
690,13.422318800,5.913321000,5.849038000,0.064283000,0.704374000,3.110394000
691,13.493348400,5.875656000,5.875905000,-0.000249000,0.704373000,3.110397000
692,13.497411800,5.875656000,5.849373000,0.026283000,0.704416000,3.110193000
693,13.500032200,5.875656000,5.849510000,0.026146000,0.704458000,3.109990000
694,13.502955900,5.913321000,5.849647000,0.063674000,0.704561000,3.109496000
695,13.521826300,6.289966000,6.498416000,-0.208450000,0.708334000,3.067830000
696,13.602194400,6.930261000,6.756267000,0.173994000,0.705884000,3.095300000
697,13.606882500,7.269241000,7.213438000,0.055803000,0.705445000,3.100517000
698,13.609905500,7.457563000,7.453440000,0.004123000,0.705426000,3.100763000
699,13.613074000,7.570557000,7.586334000,-0.015777000,0.705470000,3.100119000
700,13.621521300,7.683551000,7.665893000,0.017658000,0.705441000,3.100639000
701,13.641573100,7.721215000,7.745767000,-0.024552000,0.705455000,3.100195000
702,13.709336700,7.796544000,7.772117000,0.024427000,0.705450000,3.100543000
703,13.712448300,7.758879000,7.825476000,-0.066597000,0.705416000,3.100101000
704,13.714389100,7.834208000,7.798312000,0.035896000,0.705421000,3.100475000
705,13.721980000,7.834208000,7.851769000,-0.017561000,0.705405000,3.100427000
706,13.741788600,7.871873000,7.851614000,0.020259000,0.705423000,3.100482000
707,13.812783800,7.871873000,7.878362000,-0.006489000,0.705415000,3.100489000
708,13.815187400,7.871873000,7.878304000,-0.006431000,0.705407000,3.100497000
709,13.816685300,7.909538000,7.878248000,0.031290000,0.705446000,3.100461000
710,13.822150100,7.871873000,7.905095000,-0.033222000,0.705392000,3.100629000
711,13.841780500,7.871873000,7.878230000,-0.006357000,0.705385000,3.100636000
712,13.928071400,7.871873000,7.878174000,-0.006301000,0.705377000,3.100643000
713,13.930933300,7.909538000,7.878119000,0.031419000,0.705415000,3.100609000
714,13.932865700,7.871873000,7.904963000,-0.033090000,0.705362000,3.100777000
715,13.934657900,7.909538000,7.878105000,0.031433000,0.705400000,3.100744000
716,13.941957100,7.909538000,7.904945000,0.004593000,0.705407000,3.100720000
717,13.961504500,7.909538000,7.904985000,0.004553000,0.705414000,3.100697000
718,14.035440400,7.871873000,7.905025000,-0.033152000,0.705362000,3.100864000
719,14.037900600,7.909538000,7.878171000,0.031367000,0.705399000,3.100835000
720,14.039405400,7.909538000,7.905007000,0.004531000,0.705406000,3.100812000
721,14.041930900,7.909538000,7.905046000,0.004492000,0.705413000,3.100790000
722,14.061875300,7.871873000,7.905084000,-0.033211000,0.705362000,3.100956000
723,14.081894700,7.909538000,7.878233000,0.031305000,0.705397000,3.100931000
724,14.150749400,7.909538000,7.905065000,0.004473000,0.705404000,3.100908000
725,14.155532700,7.909538000,7.905103000,0.004435000,0.705411000,3.100886000
726,14.157580100,7.909538000,7.905140000,0.004398000,0.705418000,3.100864000
727,14.161493800,7.909538000,7.905178000,0.004360000,0.705425000,3.100842000
728,14.181942200,7.909538000,7.905214000,0.004324000,0.705431000,3.100821000
729,14.257879200,7.871873000,7.905251000,-0.033378000,0.705380000,3.100985000
730,14.260311600,7.909538000,7.878404000,0.031134000,0.705415000,3.100967000
731,14.261919800,7.871873000,7.905229000,-0.033356000,0.705364000,3.101132000
732,14.263566100,7.871873000,7.878385000,-0.006512000,0.705357000,3.101135000
733,14.281931600,7.871873000,7.878332000,-0.006459000,0.705350000,3.101139000
734,14.301671500,7.871873000,7.878280000,-0.006407000,0.705343000,3.101142000
735,14.368631300,7.231577000,6.792828000,0.438749000,0.721463000,2.936142000
736,14.371499300,6.214636000,6.391776000,-0.177140000,0.716525000,2.986530000
737,14.373454300,5.536676000,5.647555000,-0.110879000,0.714529000,3.006689000
738,14.382024500,5.084702000,5.158793000,-0.074091000,0.713650000,3.015437000
739,14.401628900,4.783387000,4.834871000,-0.051484000,0.713243000,3.019387000
740,14.468739200,4.519735000,4.619470000,-0.099735000,0.712715000,3.024317000
741,14.471102300,4.406742000,4.431010000,-0.024268000,0.712642000,3.024937000
742,14.473106000,4.293749000,4.350404000,-0.056655000,0.712527000,3.025804000
743,14.481810100,4.256084000,4.269735000,-0.013651000,0.712513000,3.025872000
744,14.501606000,4.256084000,4.242866000,0.013218000,0.712523000,3.025852000
745,14.578734900,4.293749000,4.242898000,0.050851000,0.712559000,3.025775000
746,14.581638600,4.256084000,4.269857000,-0.013773000,0.712544000,3.025844000
747,14.583539100,4.256084000,4.242986000,0.013098000,0.712554000,3.025824000
748,14.585547000,4.256084000,4.243018000,0.013066000,0.712563000,3.025805000
749,14.601663300,4.256084000,4.243049000,0.013035000,0.712572000,3.025785000
750,14.621662100,4.256084000,4.243081000,0.013003000,0.712581000,3.025765000
751,14.687220200,4.256084000,4.243113000,0.012971000,0.712591000,3.025745000
752,14.689861800,4.256084000,4.243145000,0.012939000,0.712600000,3.025725000
753,14.691922000,4.256084000,4.243176000,0.012908000,0.712609000,3.025706000
754,14.702002400,4.256084000,4.243207000,0.012877000,0.712619000,3.025686000
755,14.721717300,4.256084000,4.243239000,0.012845000,0.712628000,3.025666000
756,14.808216200,4.256084000,4.243271000,0.012813000,0.712637000,3.025646000
757,14.811221600,4.256084000,4.243303000,0.012781000,0.712646000,3.025626000
758,14.813342100,4.293749000,4.243334000,0.050415000,0.712683000,3.025548000
759,14.815488600,4.256084000,4.270302000,-0.014218000,0.712668000,3.025623000
760,14.822040800,4.256084000,4.243423000,0.012661000,0.712677000,3.025604000
761,14.841788700,4.256084000,4.243455000,0.012629000,0.712686000,3.025584000
762,14.929508900,4.256084000,4.243487000,0.012597000,0.712696000,3.025564000
763,14.932792300,4.256084000,4.243519000,0.012565000,0.712705000,3.025544000
764,14.934713800,4.293749000,4.243550000,0.050199000,0.712742000,3.025465000
765,14.936741300,4.256084000,4.270522000,-0.014438000,0.712726000,3.025544000
766,14.941921400,4.256084000,4.243640000,0.012444000,0.712735000,3.025524000
767,14.961992800,4.293749000,4.243671000,0.050078000,0.712773000,3.025445000
768,15.048561400,4.256084000,4.270644000,-0.014560000,0.712756000,3.025525000
769,15.052154400,4.256084000,4.243761000,0.012323000,0.712765000,3.025506000
770,15.054210500,4.256084000,4.243792000,0.012292000,0.712775000,3.025486000
771,15.056213600,4.293749000,4.243824000,0.049925000,0.712812000,3.025408000
772,15.062064400,4.256084000,4.270799000,-0.014715000,0.712795000,3.025490000
773,15.082188200,4.256084000,4.243913000,0.012171000,0.712805000,3.025470000
774,15.172633000,4.293749000,4.243945000,0.049804000,0.712842000,3.025392000
775,15.176081400,5.310689000,5.632349000,-0.321660000,0.725248000,2.892144000
776,15.178329600,6.854933000,6.309889000,0.545044000,0.710574000,3.051213000
777,15.180423400,7.608222000,7.464471000,0.143751000,0.708493000,3.074595000
778,15.182762600,8.060195000,8.003775000,0.056420000,0.708004000,3.080368000
779,15.201988800,8.323847000,8.324965000,-0.001118000,0.708010000,3.080293000
780,15.289261300,8.474504000,8.511616000,-0.037112000,0.708129000,3.078588000
781,15.292515100,8.587498000,8.617842000,-0.030344000,0.708191000,3.077556000
782,15.295291600,8.625162000,8.697515000,-0.072353000,0.708278000,3.075743000
783,15.297172700,8.625162000,8.723392000,-0.098230000,0.708366000,3.073584000
784,15.301909400,8.700491000,8.722322000,-0.021831000,0.708386000,3.073107000
785,15.321885200,8.700491000,8.775447000,-0.074956000,0.708410000,3.071923000
786,15.409619000,8.662827000,8.774646000,-0.111819000,0.708445000,3.070167000
787,15.412883200,8.700491000,8.746776000,-0.046285000,0.708473000,3.069305000
788,15.414872200,8.700491000,8.772969000,-0.072478000,0.708495000,3.068182000
789,15.416699700,8.738155000,8.772208000,-0.034053000,0.708505000,3.067657000
790,15.422198300,8.700491000,8.798537000,-0.098046000,0.708506000,3.066451000
791,15.441940300,8.700491000,8.770835000,-0.070344000,0.708528000,3.065376000
792,15.521121500,8.700491000,8.770107000,-0.069616000,0.708549000,3.064317000
793,15.524223600,8.700491000,8.769392000,-0.068901000,0.708570000,3.063275000
794,15.525877000,8.738155000,8.768687000,-0.030532000,0.708579000,3.062816000
795,15.527510100,8.700491000,8.795065000,-0.094574000,0.708578000,3.061695000
796,15.541746100,8.700491000,8.767421000,-0.066930000,0.708599000,3.060696000
797,15.561772900,8.738155000,8.766747000,-0.028592000,0.708607000,3.060272000
798,15.632048500,8.700491000,8.793150000,-0.092659000,0.708606000,3.059196000
799,15.635378300,8.738155000,8.765538000,-0.027383000,0.708614000,3.058792000
800,15.637385800,8.700491000,8.791956000,-0.091465000,0.708613000,3.057743000
801,15.641935000,8.700491000,8.764364000,-0.063873000,0.708632000,3.056809000
802,15.661531700,8.700491000,8.763737000,-0.063246000,0.708651000,3.055889000
803,15.739076500,8.738155000,8.763119000,-0.024964000,0.708659000,3.055528000
804,15.741805500,8.700491000,8.789567000,-0.089076000,0.708657000,3.054534000
805,15.743634600,8.700491000,8.762013000,-0.061522000,0.708675000,3.053649000
806,15.745340300,8.700491000,8.761421000,-0.060930000,0.708693000,3.052778000
807,15.761609300,8.700491000,8.760836000,-0.060345000,0.708711000,3.051918000
808,15.781689800,8.662827000,8.760260000,-0.097433000,0.708739000,3.050536000
809,15.852232700,8.738155000,8.732639000,0.005516000,0.708736000,3.050632000
810,15.856608500,8.662827000,8.786080000,-0.123253000,0.708731000,3.049318000
811,15.859534200,8.700491000,8.731532000,-0.031041000,0.708750000,3.048779000
812,15.862372900,8.700491000,8.757935000,-0.057444000,0.708766000,3.047980000
813,15.881767200,8.700491000,8.757398000,-0.056907000,0.708782000,3.047193000
814,15.954785300,8.700491000,8.756868000,-0.056377000,0.708798000,3.046416000
815,15.957089200,8.323847000,7.994742000,0.329105000,0.715853000,2.976333000
816,15.958562300,7.721215000,7.744452000,-0.023237000,0.715445000,2.980360000
817,15.961683700,7.269241000,7.312321000,-0.043080000,0.714912000,2.985531000
818,15.981457400,6.930261000,6.988187000,-0.057926000,0.714412000,2.990254000
819,16.001662600,6.741939000,6.745211000,-0.003272000,0.714392000,2.990428000
820,16.062428200,6.628946000,6.610646000,0.018300000,0.714472000,2.989745000
821,16.065174600,6.515952000,6.530044000,-0.014092000,0.714424000,2.990137000
822,16.066831700,6.478288000,6.449232000,0.029056000,0.714497000,2.989604000
823,16.082219100,6.365294000,6.422478000,-0.057184000,0.714370000,2.990472000
824,16.101687900,6.365294000,6.341460000,0.023834000,0.714401000,2.990338000
825,16.174616700,6.365294000,6.341575000,0.023719000,0.714432000,2.990205000
826,16.177010900,6.327630000,6.341690000,-0.014060000,0.714413000,2.990284000
827,16.179402700,6.327630000,6.314714000,0.012916000,0.714426000,2.990253000
828,16.181985600,6.327630000,6.314775000,0.012855000,0.714438000,2.990222000
829,16.201845500,6.327630000,6.314836000,0.012794000,0.714451000,2.990192000
830,16.221452300,6.327630000,6.314897000,0.012733000,0.714463000,2.990162000
831,16.283327300,6.327630000,6.314958000,0.012672000,0.714476000,2.990131000
832,16.286053700,6.327630000,6.315018000,0.012612000,0.714488000,2.990101000
833,16.287593600,6.289966000,6.315078000,-0.025112000,0.714464000,2.990161000
834,16.301504200,6.327630000,6.288049000,0.039581000,0.714490000,2.990200000
835,16.321644400,6.327630000,6.315145000,0.012485000,0.714502000,2.990170000
836,16.382301700,6.289966000,6.315204000,-0.025238000,0.714477000,2.990230000
837,16.384793900,6.327630000,6.288174000,0.039456000,0.714503000,2.990270000
838,16.386249800,6.289966000,6.315270000,-0.025304000,0.714478000,2.990331000
839,16.401678500,6.327630000,6.288239000,0.039391000,0.714503000,2.990371000
840,16.421591500,6.327630000,6.315336000,0.012294000,0.714516000,2.990341000
841,16.483584600,6.289966000,6.315394000,-0.025428000,0.714490000,2.990403000
842,16.486042900,6.327630000,6.288363000,0.039267000,0.714516000,2.990445000
843,16.487471500,6.289966000,6.315459000,-0.025493000,0.714491000,2.990507000
844,16.501811800,6.327630000,6.288426000,0.039204000,0.714516000,2.990549000
845,16.521760100,6.289966000,6.315523000,-0.025557000,0.714491000,2.990612000
846,16.594474400,6.327630000,6.288490000,0.039140000,0.714516000,2.990655000
847,16.597377200,6.289966000,6.315586000,-0.025620000,0.714491000,2.990719000
848,16.599415400,6.327630000,6.288552000,0.039078000,0.714516000,2.990762000
849,16.601636700,6.327630000,6.315648000,0.011982000,0.714528000,2.990732000
850,16.621717200,6.289966000,6.315706000,-0.025740000,0.714502000,2.990796000
851,16.641727300,6.327630000,6.288671000,0.038959000,0.714527000,2.990841000
852,16.704400900,6.327630000,6.315767000,0.011863000,0.714539000,2.990811000
853,16.707386900,6.327630000,6.315824000,0.011806000,0.714551000,2.990781000
854,16.709298900,6.327630000,6.315880000,0.011750000,0.714562000,2.990751000
855,16.721747700,5.800327000,5.568248000,0.232079000,0.720160000,2.933678000
856,16.741831300,5.047038000,5.203953000,-0.156915000,0.717230000,2.963423000
857,16.809071500,4.519735000,4.657083000,-0.137348000,0.715581000,2.979942000
858,16.812066500,4.218420000,4.277215000,-0.058795000,0.715141000,2.984248000
859,16.814034100,3.992433000,4.061251000,-0.068818000,0.714802000,2.987451000
860,16.821782400,3.879440000,3.899409000,-0.019969000,0.714743000,2.987981000
861,16.841594800,3.804111000,3.818594000,-0.014483000,0.714713000,2.988220000
862,16.920162100,3.766446000,3.764725000,0.001721000,0.714715000,2.988203000
863,16.923189700,3.728782000,3.737808000,-0.009026000,0.714706000,2.988261000
864,16.925009300,3.728782000,3.710874000,0.017908000,0.714719000,2.988207000
865,16.926798400,3.728782000,3.710904000,0.017878000,0.714732000,2.988153000
866,16.941740300,3.728782000,3.710935000,0.017847000,0.714746000,2.988100000
867,16.961452900,3.691118000,3.710965000,-0.019847000,0.714731000,2.988160000
868,17.023830700,3.728782000,3.684011000,0.044771000,0.714749000,2.988180000
869,17.026374000,3.728782000,3.711007000,0.017775000,0.714763000,2.988126000
870,17.027959400,3.691118000,3.711038000,-0.019920000,0.714748000,2.988187000
871,17.041816100,3.728782000,3.684083000,0.044699000,0.714766000,2.988208000
872,17.061791300,3.728782000,3.711081000,0.017701000,0.714780000,2.988153000
873,17.136596800,3.691118000,3.711112000,-0.019994000,0.714765000,2.988215000
874,17.139752300,3.728782000,3.684155000,0.044627000,0.714783000,2.988237000
875,17.141781300,3.728782000,3.711154000,0.017628000,0.714797000,2.988182000
876,17.143915100,3.691118000,3.711185000,-0.020067000,0.714781000,2.988245000
877,17.165266400,3.728782000,3.684227000,0.044555000,0.714800000,2.988267000
878,17.175461500,3.728782000,3.711227000,0.017555000,0.714814000,2.988212000
879,17.242350100,3.691118000,3.711259000,-0.020141000,0.714798000,2.988276000
880,17.244875500,3.728782000,3.684300000,0.044482000,0.714817000,2.988299000
881,17.246644700,3.728782000,3.711302000,0.017480000,0.714831000,2.988243000
882,17.255929500,3.691118000,3.711333000,-0.020215000,0.714815000,2.988308000
883,17.276860100,3.728782000,3.684374000,0.044408000,0.714834000,2.988332000
884,17.358350200,3.728782000,3.711376000,0.017406000,0.714848000,2.988276000
885,17.360852300,3.728782000,3.711408000,0.017374000,0.714862000,2.988219000
886,17.362593800,3.691118000,3.711439000,-0.020321000,0.714845000,2.988286000
887,17.364293700,3.728782000,3.684478000,0.044304000,0.714864000,2.988311000
888,17.382181400,3.728782000,3.711482000,0.017300000,0.714878000,2.988254000
889,17.401653400,3.728782000,3.711514000,0.017268000,0.714892000,2.988197000
890,17.462709600,3.691118000,3.711546000,-0.020428000,0.714876000,2.988265000
891,17.465733200,3.728782000,3.684583000,0.044199000,0.714895000,2.988291000
892,17.467363200,3.728782000,3.711589000,0.017193000,0.714909000,2.988234000
893,17.481561300,3.728782000,3.711622000,0.017160000,0.714923000,2.988176000
894,17.501668900,3.691118000,3.711654000,-0.020536000,0.714906000,2.988245000
895,17.575355600,4.557400000,4.730575000,-0.173175000,0.720489000,2.928478000
896,17.578000200,5.800327000,5.333489000,0.466838000,0.709814000,3.043859000
897,17.579670700,6.440623000,6.247856000,0.192767000,0.707488000,3.069908000
898,17.581712400,6.817268000,6.705597000,0.111671000,0.706745000,3.078731000
899,17.601846700,7.043255000,6.973182000,0.070073000,0.706501000,3.081969000
900,17.621554000,7.156249000,7.133447000,0.022802000,0.706465000,3.082573000
901,17.689079300,7.231577000,7.213442000,0.018135000,0.706454000,3.082874000
902,17.691851500,7.231577000,7.266789000,-0.035212000,0.706453000,3.082523000
903,17.693714300,7.269241000,7.266538000,0.002703000,0.706453000,3.082550000
904,17.696160000,7.269241000,7.293166000,-0.023925000,0.706445000,3.082392000
905,17.716639100,7.306906000,7.292995000,0.013911000,0.706450000,3.082484000
906,17.736883700,7.344571000,7.319702000,0.024869000,0.706467000,3.082563000
907,17.797684900,7.306906000,7.346488000,-0.039582000,0.706427000,3.082570000
908,17.801380800,7.344571000,7.319597000,0.024974000,0.706444000,3.082651000
909,17.804076200,7.344571000,7.346382000,-0.001811000,0.706442000,3.082651000
910,17.819542700,7.344571000,7.346370000,-0.001799000,0.706440000,3.082651000
911,17.839911100,7.344571000,7.346356000,-0.001785000,0.706438000,3.082652000
912,17.902089400,7.344571000,7.346344000,-0.001773000,0.706437000,3.082652000
913,17.904838700,7.344571000,7.346331000,-0.001760000,0.706435000,3.082652000
914,17.906486400,7.344571000,7.346318000,-0.001747000,0.706433000,3.082652000
915,17.921857400,7.344571000,7.346306000,-0.001735000,0.706432000,3.082653000
916,17.941821400,7.306906000,7.346293000,-0.039387000,0.706393000,3.082660000
917,18.006724200,7.344571000,7.319410000,0.025161000,0.706409000,3.082745000
918,18.009671800,7.344571000,7.346191000,-0.001620000,0.706407000,3.082745000
919,18.011855300,7.344571000,7.346179000,-0.001608000,0.706406000,3.082745000
920,18.021987400,7.306906000,7.346169000,-0.039263000,0.706368000,3.082754000
921,18.042047100,7.344571000,7.319289000,0.025282000,0.706383000,3.082840000
922,18.115125200,7.344571000,7.346070000,-0.001499000,0.706382000,3.082841000
923,18.117987200,7.344571000,7.346060000,-0.001489000,0.706380000,3.082841000
924,18.119678800,7.344571000,7.346049000,-0.001478000,0.706379000,3.082841000
925,18.121804200,7.344571000,7.346039000,-0.001468000,0.706378000,3.082842000
926,18.141951900,7.306906000,7.346029000,-0.039123000,0.706340000,3.082851000
927,18.161508400,7.344571000,7.319155000,0.025416000,0.706355000,3.082940000
928,18.224756800,7.344571000,7.345933000,-0.001362000,0.706354000,3.082940000
929,18.227387000,7.344571000,7.345924000,-0.001353000,0.706353000,3.082941000
930,18.228970600,7.344571000,7.345915000,-0.001344000,0.706351000,3.082941000
931,18.241727000,7.306906000,7.345905000,-0.038999000,0.706314000,3.082951000
932,18.261907700,7.344571000,7.319035000,0.025536000,0.706329000,3.083042000
933,18.329302100,7.306906000,7.345811000,-0.038905000,0.706292000,3.083054000
934,18.332161900,7.344571000,7.318944000,0.025627000,0.706306000,3.083145000
935,18.334301100,6.515952000,6.112461000,0.403491000,0.720844000,2.934011000
936,18.341929800,5.235361000,5.577188000,-0.341827000,0.711797000,3.026563000
937,18.361732200,4.482071000,4.634486000,-0.152415000,0.709359000,3.051278000
938,18.430542500,3.954769000,4.094782000,-0.140013000,0.707931000,3.065547000
939,18.433154800,3.653453000,3.719368000,-0.065915000,0.707520000,3.069551000
940,18.434689500,3.427466000,3.505756000,-0.078290000,0.707208000,3.072473000
941,18.441833500,3.314473000,3.345672000,-0.031199000,0.707136000,3.073088000
942,18.461576000,3.163815000,3.265709000,-0.101894000,0.706988000,3.074197000
943,18.533043400,3.126150000,3.159038000,-0.032888000,0.706977000,3.074164000
944,18.535547300,3.163815000,3.132367000,0.031448000,0.706978000,3.074290000
945,18.537120800,3.126150000,3.159035000,-0.032885000,0.706968000,3.074257000
946,18.541854800,3.163815000,3.132365000,0.031450000,0.706969000,3.074384000
947,18.561771300,3.126150000,3.159033000,-0.032883000,0.706958000,3.074351000
948,18.640498200,3.126150000,3.132363000,-0.006213000,0.706958000,3.074325000
949,18.643399200,3.163815000,3.132355000,0.031460000,0.706959000,3.074454000
950,18.645259600,3.126150000,3.159024000,-0.032874000,0.706948000,3.074421000
951,18.647007100,3.163815000,3.132353000,0.031462000,0.706949000,3.074550000
952,18.662033500,3.126150000,3.159021000,-0.032871000,0.706938000,3.074517000
953,18.681621200,3.163815000,3.132351000,0.031464000,0.706939000,3.074648000
954,18.750269300,3.126150000,3.159019000,-0.032869000,0.706928000,3.074614000
955,18.753271100,3.163815000,3.132349000,0.031466000,0.706929000,3.074746000
956,18.755068300,3.126150000,3.159017000,-0.032867000,0.706918000,3.074713000
957,18.761716400,3.163815000,3.132347000,0.031468000,0.706919000,3.074846000
958,18.781971400,3.126150000,3.159015000,-0.032865000,0.706908000,3.074812000
959,18.856335600,3.163815000,3.132345000,0.031470000,0.706909000,3.074946000
960,18.858966300,3.126150000,3.159013000,-0.032863000,0.706898000,3.074912000
961,18.860614300,3.163815000,3.132343000,0.031472000,0.706899000,3.075047000
962,18.862377200,3.126150000,3.159011000,-0.032861000,0.706888000,3.075013000
963,18.881918200,3.163815000,3.132341000,0.031474000,0.706888000,3.075150000
964,18.901572400,3.163815000,3.159009000,0.004806000,0.706890000,3.075155000
965,18.969179000,3.163815000,3.159015000,0.004800000,0.706892000,3.075160000
966,18.972148400,3.163815000,3.159022000,0.004793000,0.706893000,3.075165000
967,18.974054800,3.126150000,3.159029000,-0.032879000,0.706882000,3.075130000
968,18.981745200,3.163815000,3.132358000,0.031457000,0.706883000,3.075270000
969,19.001495800,3.163815000,3.159027000,0.004788000,0.706884000,3.075275000
970,19.080929300,3.163815000,3.159034000,0.004781000,0.706886000,3.075280000
971,19.085875900,3.163815000,3.159040000,0.004775000,0.706888000,3.075285000
972,19.090662600,3.126150000,3.159047000,-0.032897000,0.706876000,3.075250000
973,19.094995900,3.163815000,3.132376000,0.031439000,0.706877000,3.075392000
974,19.103010700,3.163815000,3.159045000,0.004770000,0.706878000,3.075397000
975,19.123752700,3.766446000,3.927901000,-0.161455000,0.710357000,3.037840000
976,19.185607700,4.708058000,4.346334000,0.361724000,0.704588000,3.100845000
977,19.188143400,5.197696000,5.022707000,0.174989000,0.703164000,3.117136000
978,19.189639200,5.461347000,5.369257000,0.092090000,0.702785000,3.121868000
979,19.195852100,5.649670000,5.555179000,0.094491000,0.702601000,3.124601000
980,19.216329300,5.762663000,5.687992000,0.074671000,0.702571000,3.125557000
981,19.294374400,5.800327000,5.767738000,0.032589000,0.702589000,3.125658000
982,19.296808400,5.875656000,5.794359000,0.081297000,0.702659000,3.125644000
983,19.298441800,5.913321000,5.847687000,0.065634000,0.702757000,3.125204000
984,19.301806100,5.875656000,5.874489000,0.001167000,0.702759000,3.125192000
985,19.321867100,5.913321000,5.848026000,0.065295000,0.702856000,3.124755000
986,19.341724700,5.875656000,5.874830000,0.000826000,0.702858000,3.124747000
987,19.410232600,5.875656000,5.848361000,0.027295000,0.702898000,3.124565000
988,19.413117800,5.913321000,5.848499000,0.064822000,0.702995000,3.124132000
989,19.414793200,5.875656000,5.875306000,0.000350000,0.702995000,3.124129000
990,19.422022900,5.875656000,5.848830000,0.026826000,0.703035000,3.123950000
991,19.441721700,5.913321000,5.848966000,0.064355000,0.703131000,3.123523000
992,19.514324100,5.875656000,5.875776000,-0.000120000,0.703131000,3.123524000
993,19.516930100,5.875656000,5.849292000,0.026364000,0.703170000,3.123349000
994,19.518459400,5.875656000,5.849425000,0.026231000,0.703209000,3.123175000
995,19.522121000,5.913321000,5.849558000,0.063763000,0.703303000,3.122752000
996,19.541809600,5.875656000,5.876371000,-0.000715000,0.703302000,3.122759000
997,19.561907900,5.875656000,5.849877000,0.025779000,0.703340000,3.122589000
998,19.632645900,5.875656000,5.850008000,0.025648000,0.703378000,3.122419000
999,19.635715900,5.913321000,5.850138000,0.063183000,0.703472000,3.122001000
1000,19.637530000,5.875656000,5.876955000,-0.001299000,0.703469000,3.122015000
1001,19.641795600,5.875656000,5.850452000,0.025204000,0.703507000,3.121848000
1002,19.661673100,5.913321000,5.850579000,0.062742000,0.703599000,3.121435000
1003,19.749370900,5.875656000,5.877398000,-0.001742000,0.703596000,3.121452000
1004,19.752829500,5.875656000,5.850888000,0.024768000,0.703633000,3.121289000
1005,19.754979900,5.913321000,5.851013000,0.062308000,0.703725000,3.120880000
1006,19.757150000,5.875656000,5.877835000,-0.002179000,0.703721000,3.120902000
1007,19.761641400,5.875656000,5.851318000,0.024338000,0.703757000,3.120743000
1008,19.781946200,5.913321000,5.851441000,0.061880000,0.703848000,3.120337000
1009,19.863069100,5.875656000,5.878264000,-0.002608000,0.703843000,3.120364000
1010,19.865909800,5.913321000,5.851741000,0.061580000,0.703934000,3.119962000
1011,19.867709500,5.875656000,5.878566000,-0.002910000,0.703929000,3.119992000
1012,19.869543400,5.875656000,5.852037000,0.023619000,0.703963000,3.119838000
1013,19.881667500,5.913321000,5.852157000,0.061164000,0.704053000,3.119440000
1014,19.901686400,5.913321000,5.878985000,0.034336000,0.704116000,3.119086000
1015,19.977457700,6.289966000,6.502980000,-0.213014000,0.707903000,3.077209000
1016,19.979944400,6.930261000,6.760593000,0.169668000,0.705552000,3.103610000
1017,19.981605600,7.269241000,7.217364000,0.051877000,0.705146000,3.108420000
1018,19.983267400,7.457563000,7.457195000,0.000368000,0.705145000,3.108442000
1019,20.001406400,7.608222000,7.589993000,0.018229000,0.705093000,3.109195000
1020,20.021496100,7.683551000,7.696398000,-0.012847000,0.705111000,3.108853000
1021,20.080529000,7.721215000,7.749398000,-0.028183000,0.705132000,3.108314000
1022,20.083795500,7.796544000,7.775707000,0.020837000,0.705124000,3.108634000
1023,20.085675400,7.834208000,7.829006000,0.005202000,0.705126000,3.108676000
1024,20.101791500,7.834208000,7.855610000,-0.021402000,0.705111000,3.108586000
1025,20.121525200,7.871873000,7.855423000,0.016450000,0.705122000,3.108655000
1026,20.183709900,7.834208000,7.882123000,-0.047915000,0.705071000,3.108634000
1027,20.186073700,7.909538000,7.855151000,0.054387000,0.705109000,3.108862000
1028,20.187589500,7.871873000,7.908734000,-0.036861000,0.705057000,3.108987000
1029,20.201800600,7.909538000,7.881856000,0.027682000,0.705086000,3.108999000
1030,20.221763300,7.909538000,7.908652000,0.000886000,0.705087000,3.108996000
1031,20.287301400,7.909538000,7.908659000,0.000879000,0.705088000,3.108993000
1032,20.289638900,7.947202000,7.908667000,0.038535000,0.705142000,3.108864000
1033,20.291096400,7.909538000,7.935558000,-0.026020000,0.705096000,3.109052000
1034,20.301475400,7.909538000,7.908774000,0.000764000,0.705097000,3.109049000
1035,20.321560200,7.909538000,7.908781000,0.000757000,0.705098000,3.109047000
1036,20.390771000,7.909538000,7.908788000,0.000750000,0.705099000,3.109044000
1037,20.393429300,7.909538000,7.908793000,0.000745000,0.705100000,3.109042000
1038,20.394905100,7.909538000,7.908800000,0.000738000,0.705101000,3.109040000
1039,20.401845900,7.909538000,7.908806000,0.000732000,0.705102000,3.109037000
1040,20.422064600,7.909538000,7.908813000,0.000725000,0.705103000,3.109035000
1041,20.498583200,7.909538000,7.908819000,0.000719000,0.705104000,3.109032000
1042,20.501072600,7.909538000,7.908824000,0.000714000,0.705105000,3.109030000
1043,20.503092300,7.871873000,7.908830000,-0.036957000,0.705055000,3.109149000
1044,20.504888900,7.909538000,7.881968000,0.027570000,0.705082000,3.109174000
1045,20.521636800,7.909538000,7.908750000,0.000788000,0.705083000,3.109171000
1046,20.541807300,7.871873000,7.908757000,-0.036884000,0.705033000,3.109289000
1047,20.621978100,7.909538000,7.881899000,0.027639000,0.705059000,3.109316000
1048,20.625254600,7.909538000,7.908679000,0.000859000,0.705060000,3.109313000
1049,20.627191700,7.871873000,7.908686000,-0.036813000,0.705011000,3.109431000
1050,20.629116000,7.871873000,7.881832000,-0.009959000,0.705002000,3.109421000
1051,20.641760200,7.909538000,7.881752000,0.027786000,0.705028000,3.109449000
1052,20.661614800,7.871873000,7.908529000,-0.036656000,0.704979000,3.109569000
1053,20.738670500,7.871873000,7.881680000,-0.009807000,0.704970000,3.109558000
1054,20.742213200,7.871873000,7.881602000,-0.009729000,0.704961000,3.109548000
1055,20.744710800,7.231577000,6.793184000,0.438393000,0.720697000,2.948225000
1056,20.747555300,6.176972000,6.391067000,-0.214095000,0.714855000,3.007925000
1057,20.761816000,5.536676000,5.618811000,-0.082135000,0.713433000,3.022304000
1058,20.781703400,5.084702000,5.158970000,-0.074268000,0.712570000,3.030900000
1059,20.861366700,4.783387000,4.835567000,-0.052180000,0.712167000,3.034816000
1060,20.864481800,4.519735000,4.620496000,-0.100761000,0.711648000,3.039668000
1061,20.866365400,4.406742000,4.432328000,-0.025586000,0.711574000,3.040299000
1062,20.868319500,4.293749000,4.351841000,-0.058092000,0.711461000,3.041143000
1063,20.881659000,4.256084000,4.271293000,-0.015209000,0.711447000,3.041209000
1064,20.901558700,4.293749000,4.244461000,0.049288000,0.711478000,3.041163000
1065,20.978886800,4.256084000,4.271373000,-0.015289000,0.711463000,3.041230000
1066,20.981595800,4.293749000,4.244540000,0.049209000,0.711495000,3.041184000
1067,20.983474800,4.256084000,4.271454000,-0.015370000,0.711480000,3.041252000
1068,20.985411500,4.293749000,4.244619000,0.049130000,0.711512000,3.041206000
1069,21.002016800,4.256084000,4.271534000,-0.015450000,0.711496000,3.041275000
1070,21.021992800,4.293749000,4.244699000,0.049050000,0.711528000,3.041229000
1071,21.105706800,4.256084000,4.271615000,-0.015531000,0.711513000,3.041299000
1072,21.109417800,4.256084000,4.244778000,0.011306000,0.711520000,3.041288000
1073,21.112344000,4.293749000,4.244805000,0.048944000,0.711552000,3.041243000
1074,21.114651500,4.256084000,4.271722000,-0.015638000,0.711536000,3.041313000
1075,21.121898300,4.293749000,4.244884000,0.048865000,0.711568000,3.041268000
1076,21.141447400,4.256084000,4.271803000,-0.015719000,0.711553000,3.041340000
1077,21.216116500,4.293749000,4.244964000,0.048785000,0.711585000,3.041295000
1078,21.218591100,4.256084000,4.271883000,-0.015799000,0.711569000,3.041368000
1079,21.220084800,4.256084000,4.245044000,0.011040000,0.711576000,3.041358000
1080,21.222045100,4.293749000,4.245070000,0.048679000,0.711608000,3.041313000
1081,21.241967000,4.256084000,4.271992000,-0.015908000,0.711592000,3.041387000
1082,21.261572700,4.256084000,4.245150000,0.010934000,0.711599000,3.041377000
1083,21.337491100,4.293749000,4.245177000,0.048572000,0.711631000,3.041332000
1084,21.341068400,4.256084000,4.272099000,-0.016015000,0.711615000,3.041407000
1085,21.343880500,4.256084000,4.245256000,0.010828000,0.711622000,3.041398000
1086,21.346891700,4.256084000,4.245283000,0.010801000,0.711629000,3.041388000
1087,21.361611400,4.256084000,4.245310000,0.010774000,0.711637000,3.041378000
1088,21.381582300,4.256084000,4.245337000,0.010747000,0.711644000,3.041368000
1089,21.456000100,4.293749000,4.245364000,0.048385000,0.711676000,3.041324000
1090,21.459691300,4.218420000,4.272289000,-0.053869000,0.711620000,3.041583000
1091,21.461691300,4.256084000,4.218545000,0.037539000,0.711631000,3.041696000
1092,21.463763300,4.256084000,4.245441000,0.010643000,0.711639000,3.041686000
1093,21.482873600,4.293749000,4.245468000,0.048281000,0.711671000,3.041641000
1094,21.503277900,4.256084000,4.272395000,-0.016311000,0.711654000,3.041721000
1095,21.612064900,5.310689000,5.614323000,-0.303634000,0.723294000,2.916563000
1096,21.617876500,6.817268000,6.320266000,0.497002000,0.710078000,3.060014000
1097,21.622592000,7.645886000,7.441805000,0.204081000,0.707096000,3.093489000
1098,21.627034400,8.097859000,8.035842000,0.062017000,0.706579000,3.099627000
1099,21.630798400,8.361511000,8.356460000,0.005051000,0.706554000,3.099949000
1100,21.634713800,8.474504000,8.542816000,-0.068312000,0.706758000,3.096977000
1101,21.639223900,8.587498000,8.621853000,-0.034355000,0.706831000,3.095788000
1102,21.655749100,8.625162000,8.701330000,-0.076168000,0.706929000,3.093822000
1103,21.777700400,8.700491000,8.727125000,-0.026634000,0.706955000,3.093216000
1104,21.784297200,8.700491000,8.780092000,-0.079601000,0.706989000,3.091877000
1105,21.788748800,8.738155000,8.779249000,-0.041094000,0.707007000,3.091189000
1106,21.793485400,8.738155000,8.805445000,-0.067290000,0.707016000,3.090267000
1107,21.798236800,8.700491000,8.804742000,-0.104251000,0.707030000,3.088846000
1108,21.803130700,8.738155000,8.777027000,-0.038872000,0.707046000,3.088203000
1109,21.807208300,8.700491000,8.803255000,-0.102764000,0.707060000,3.086821000
1110,21.821085500,8.738155000,8.775566000,-0.037411000,0.707076000,3.086208000
1111,21.934432000,8.700491000,8.801814000,-0.101323000,0.707089000,3.084862000
1112,21.940919200,8.700491000,8.774150000,-0.073659000,0.707119000,3.083666000
1113,21.945029500,8.738155000,8.773402000,-0.035247000,0.707134000,3.083096000
1114,21.947818100,8.700491000,8.799681000,-0.099190000,0.707146000,3.081805000
1115,21.950123300,8.700491000,8.772052000,-0.071561000,0.707176000,3.080658000
1116,21.952672100,8.738155000,8.771336000,-0.033181000,0.707190000,3.080129000
1117,21.961669400,8.700491000,8.797642000,-0.097151000,0.707200000,3.078889000
1118,22.053815500,8.738155000,8.770046000,-0.031891000,0.707214000,3.078384000
1119,22.056887200,8.700491000,8.796369000,-0.095878000,0.707224000,3.077175000
1120,22.058720000,8.700491000,8.768793000,-0.068302000,0.707252000,3.076103000
1121,22.060899500,8.738155000,8.768126000,-0.029971000,0.707264000,3.075634000
1122,22.063608300,8.700491000,8.794474000,-0.093983000,0.707274000,3.074471000
1123,22.081669300,8.738155000,8.766928000,-0.028773000,0.707285000,3.074025000
1124,22.173786000,8.700491000,8.793291000,-0.092800000,0.707294000,3.072890000
1125,22.176813000,8.738155000,8.765764000,-0.027609000,0.707305000,3.072465000
1126,22.179026900,8.738155000,8.792141000,-0.053986000,0.707310000,3.071813000
1127,22.181058400,8.700491000,8.791630000,-0.091139000,0.707319000,3.070716000
1128,22.184207700,8.738155000,8.764130000,-0.025975000,0.707329000,3.070320000
1129,22.201664100,8.738155000,8.790526000,-0.052371000,0.707334000,3.069697000
1130,22.279506600,8.700491000,8.790036000,-0.089545000,0.707342000,3.068636000
1131,22.282548400,8.738155000,8.762562000,-0.024407000,0.707352000,3.068267000
1132,22.284561200,8.700491000,8.788977000,-0.088486000,0.707359000,3.067230000
1133,22.286749600,8.738155000,8.761518000,-0.023363000,0.707369000,3.066879000
1134,22.301979900,8.700491000,8.787946000,-0.087455000,0.707376000,3.065866000
1135,22.321468700,8.361511000,7.994036000,0.367475000,0.715103000,2.988986000
1136,22.386557700,7.721215000,7.772737000,-0.051522000,0.714201000,2.997910000
1137,22.389261500,7.269241000,7.313248000,-0.044007000,0.713668000,3.003084000
1138,22.390839200,6.967926000,6.989679000,-0.021753000,0.713485000,3.004817000
1139,22.401968600,6.704274000,6.774400000,-0.070126000,0.713063000,3.008648000
1140,22.421694800,6.628946000,6.585761000,0.043185000,0.713232000,3.007227000
1141,22.494958600,6.553617000,6.532314000,0.021303000,0.713303000,3.006660000
1142,22.497378900,6.478288000,6.478708000,-0.000420000,0.713302000,3.006668000
1143,22.498858900,6.440623000,6.424973000,0.015650000,0.713334000,3.006447000
1144,22.501684700,6.365294000,6.398186000,-0.032892000,0.713275000,3.006808000
1145,22.521994400,6.365294000,6.344293000,0.021001000,0.713300000,3.006711000
1146,22.541573900,6.327630000,6.344392000,-0.016762000,0.713280000,3.006789000
1147,22.609485600,6.327630000,6.317447000,0.010183000,0.713289000,3.006774000
1148,22.612494400,6.327630000,6.317495000,0.010135000,0.713298000,3.006759000
1149,22.614355300,6.327630000,6.317543000,0.010087000,0.713307000,3.006744000
1150,22.621850400,6.327630000,6.317590000,0.010040000,0.713316000,3.006730000
1151,22.641810200,6.327630000,6.317637000,0.009993000,0.713325000,3.006715000
1152,22.713198300,6.289966000,6.317684000,-0.027718000,0.713300000,3.006756000
1153,22.715607500,6.327630000,6.290688000,0.036942000,0.713321000,3.006824000
1154,22.717091900,6.327630000,6.317726000,0.009904000,0.713330000,3.006809000
1155,22.721745600,6.327630000,6.317772000,0.009858000,0.713338000,3.006794000
1156,22.741925700,6.327630000,6.317818000,0.009812000,0.713347000,3.006780000
1157,22.821851500,6.365294000,6.317864000,0.047430000,0.713389000,3.006710000
1158,22.824693500,6.327630000,6.344956000,-0.017326000,0.713368000,3.006794000
1159,22.826443600,6.327630000,6.318005000,0.009625000,0.713376000,3.006780000
1160,22.828099700,6.327630000,6.318050000,0.009580000,0.713385000,3.006766000
1161,22.841340800,6.327630000,6.318095000,0.009535000,0.713393000,3.006752000
1162,22.861754300,6.327630000,6.318140000,0.009490000,0.713402000,3.006738000
1163,22.930711800,6.327630000,6.318185000,0.009445000,0.713410000,3.006725000
1164,22.933574700,6.327630000,6.318229000,0.009401000,0.713418000,3.006711000
1165,22.935267900,6.327630000,6.318274000,0.009356000,0.713426000,3.006697000
1166,22.941819700,6.289966000,6.318317000,-0.028351000,0.713401000,3.006739000
1167,22.961646800,6.327630000,6.291314000,0.036316000,0.713421000,3.006814000
1168,23.042058500,6.327630000,6.318354000,0.009276000,0.713429000,3.006800000
1169,23.045111100,6.289966000,6.318397000,-0.028431000,0.713404000,3.006842000
1170,23.046978200,6.327630000,6.291393000,0.036237000,0.713424000,3.006918000
1171,23.048678200,6.327630000,6.318432000,0.009198000,0.713432000,3.006905000
1172,23.061985500,6.289966000,6.318476000,-0.028510000,0.713407000,3.006947000
1173,23.081633100,6.327630000,6.291471000,0.036159000,0.713426000,3.007025000
1174,23.153756800,6.289966000,6.318511000,-0.028545000,0.713401000,3.007068000
1175,23.156225700,5.800327000,5.539739000,0.260588000,0.719516000,2.944645000
1176,23.157685800,5.047038000,5.204054000,-0.157016000,0.716622000,2.974061000
1177,23.161926800,4.519735000,4.657739000,-0.138004000,0.714988000,2.990447000
1178,23.181722600,4.218420000,4.278215000,-0.059795000,0.714548000,2.994760000
1179,23.262980300,3.992433000,4.062431000,-0.069998000,0.714211000,2.997956000
1180,23.267146300,3.879440000,3.900724000,-0.021284000,0.714149000,2.998506000
1181,23.270100200,3.804111000,3.819974000,-0.015863000,0.714118000,2.998758000
1182,23.274060100,3.766446000,3.766148000,0.000298000,0.714118000,2.998755000
1183,23.281516000,3.766446000,3.739252000,0.027194000,0.714145000,2.998595000
1184,23.301910400,3.728782000,3.739299000,-0.010517000,0.714135000,2.998657000
1185,23.372633800,3.728782000,3.712383000,0.016399000,0.714146000,2.998616000
1186,23.375368500,3.728782000,3.712410000,0.016372000,0.714157000,2.998576000
1187,23.376968900,3.728782000,3.712438000,0.016344000,0.714169000,2.998535000
1188,23.381650900,3.728782000,3.712466000,0.016316000,0.714180000,2.998494000
1189,23.401762300,3.728782000,3.712494000,0.016288000,0.714191000,2.998453000
1190,23.477312200,3.728782000,3.712522000,0.016260000,0.714203000,2.998412000
1191,23.479788900,3.691118000,3.712550000,-0.021432000,0.714188000,2.998466000
1192,23.481393900,3.728782000,3.685613000,0.043169000,0.714203000,2.998509000
1193,23.484072000,3.728782000,3.712586000,0.016196000,0.714215000,2.998467000
1194,23.501596200,3.728782000,3.712615000,0.016167000,0.714226000,2.998426000
1195,23.521614900,3.691118000,3.712643000,-0.021525000,0.714211000,2.998481000
1196,23.593043700,3.728782000,3.685705000,0.043077000,0.714227000,2.998525000
1197,23.596181400,3.728782000,3.712680000,0.016102000,0.714238000,2.998483000
1198,23.598069200,3.691118000,3.712708000,-0.021590000,0.714223000,2.998540000
1199,23.599993400,3.728782000,3.685769000,0.043013000,0.714239000,2.998585000
1200,23.614801000,3.728782000,3.712745000,0.016037000,0.714250000,2.998542000
1201,23.635658400,3.691118000,3.712773000,-0.021655000,0.714235000,2.998600000
1202,23.706067700,3.728782000,3.685834000,0.042948000,0.714251000,2.998645000
1203,23.709004300,3.691118000,3.712810000,-0.021692000,0.714235000,2.998703000
1204,23.711017400,3.728782000,3.685870000,0.042912000,0.714251000,2.998749000
1205,23.721254300,3.728782000,3.712847000,0.015935000,0.714262000,2.998706000
1206,23.741756900,3.691118000,3.712876000,-0.021758000,0.714246000,2.998765000
1207,23.820310400,3.728782000,3.685935000,0.042847000,0.714263000,2.998812000
1208,23.823411900,3.728782000,3.712913000,0.015869000,0.714274000,2.998769000
1209,23.825314700,3.691118000,3.712942000,-0.021824000,0.714258000,2.998829000
1210,23.827192100,3.728782000,3.686001000,0.042781000,0.714274000,2.998877000
1211,23.841828100,3.728782000,3.712980000,0.015802000,0.714286000,2.998833000
1212,23.861820500,3.691118000,3.713009000,-0.021891000,0.714270000,2.998894000
1213,23.920030800,3.728782000,3.686066000,0.042716000,0.714286000,2.998943000
1214,23.922665800,3.691118000,3.713046000,-0.021928000,0.714269000,2.999004000
1215,23.924352300,4.557400000,4.735754000,-0.178354000,0.719982000,2.937762000
1216,23.941767300,5.800327000,5.337678000,0.462649000,0.709459000,3.051643000
1217,23.961660100,6.440623000,6.251247000,0.189376000,0.707178000,3.077204000
1218,24.031115200,6.779603000,6.708713000,0.070890000,0.706705000,3.082824000
1219,24.034064900,7.043255000,6.949158000,0.094097000,0.706343000,3.087524000
1220,24.035925900,7.118584000,7.136224000,-0.017640000,0.706372000,3.087045000
1221,24.041936700,7.231577000,7.189303000,0.042274000,0.706330000,3.087916000
1222,24.061939200,7.231577000,7.269419000,-0.037842000,0.706332000,3.087509000
1223,24.148587300,7.269241000,7.269151000,0.000090000,0.706332000,3.087510000
1224,24.151517700,7.269241000,7.295755000,-0.026514000,0.706325000,3.087314000
1225,24.154154600,7.269241000,7.295568000,-0.026327000,0.706318000,3.087119000
1226,24.155808000,7.306906000,7.295382000,0.011524000,0.706321000,3.087204000
1227,24.161694700,7.306906000,7.322066000,-0.015160000,0.706313000,3.087143000
1228,24.181587100,7.269241000,7.321959000,-0.052718000,0.706282000,3.086932000
1229,24.256248600,7.306906000,7.294987000,0.011919000,0.706285000,3.087020000
1230,24.260429900,7.306906000,7.321672000,-0.014766000,0.706276000,3.086962000
1231,24.263322200,7.306906000,7.321569000,-0.014663000,0.706268000,3.086904000
1232,24.266468800,7.269241000,7.321466000,-0.052225000,0.706238000,3.086698000
1233,24.282094000,7.306906000,7.294502000,0.012404000,0.706241000,3.086790000
1234,24.301713300,7.306906000,7.321188000,-0.014282000,0.706233000,3.086734000
1235,24.365447800,7.306906000,7.321089000,-0.014183000,0.706225000,3.086679000
1236,24.368032500,7.306906000,7.320991000,-0.014085000,0.706216000,3.086624000
1237,24.369589400,7.306906000,7.320894000,-0.013988000,0.706208000,3.086570000
1238,24.382092800,7.306906000,7.320796000,-0.013890000,0.706200000,3.086516000
1239,24.401937000,7.306906000,7.320701000,-0.013795000,0.706193000,3.086462000
1240,24.469565600,7.306906000,7.320606000,-0.013700000,0.706185000,3.086409000
1241,24.472214400,7.306906000,7.320512000,-0.013606000,0.706177000,3.086357000
1242,24.473908000,7.269241000,7.320419000,-0.051178000,0.706148000,3.086160000
1243,24.481934300,7.306906000,7.293472000,0.013434000,0.706151000,3.086261000
1244,24.501840100,7.306906000,7.320160000,-0.013254000,0.706143000,3.086210000
1245,24.578469300,7.306906000,7.320070000,-0.013164000,0.706136000,3.086160000
1246,24.580895400,7.306906000,7.319980000,-0.013074000,0.706128000,3.086110000
1247,24.582895100,7.306906000,7.319891000,-0.012985000,0.706121000,3.086061000
1248,24.584513400,7.306906000,7.319804000,-0.012898000,0.706114000,3.086013000
1249,24.601639500,7.306906000,7.319716000,-0.012810000,0.706107000,3.085964000
1250,24.621563300,7.269241000,7.319630000,-0.050389000,0.706078000,3.085774000
1251,24.685927700,7.306906000,7.292696000,0.014210000,0.706081000,3.085882000
1252,24.688661400,7.306906000,7.319386000,-0.012480000,0.706074000,3.085835000
1253,24.690457700,7.269241000,7.319302000,-0.050061000,0.706046000,3.085649000
1254,24.701857500,7.306906000,7.292373000,0.014533000,0.706049000,3.085759000
1255,24.721829800,6.478288000,6.084759000,0.393529000,0.720041000,2.942214000
1256,24.788660500,5.235361000,5.547295000,-0.311934000,0.711893000,3.025575000
1257,24.791086100,4.482071000,4.634687000,-0.152616000,0.709456000,3.050280000
1258,24.792869800,3.954769000,4.094916000,-0.140147000,0.708029000,3.064539000
1259,24.801727500,3.653453000,3.719454000,-0.066001000,0.707618000,3.068542000
1260,24.821400300,3.427466000,3.505812000,-0.078346000,0.707306000,3.071461000
1261,24.897366800,3.276808000,3.345707000,-0.068899000,0.707148000,3.072817000
1262,24.899978700,3.201479000,3.239035000,-0.037556000,0.707105000,3.073114000
1263,24.901499500,3.126150000,3.185715000,-0.059565000,0.707069000,3.073231000
1264,24.903200500,3.163815000,3.132374000,0.031441000,0.707070000,3.073357000
1265,24.921774100,3.126150000,3.159045000,-0.032895000,0.707060000,3.073324000
1266,24.941715500,3.163815000,3.132372000,0.031443000,0.707060000,3.073451000
1267,25.002267400,3.126150000,3.159043000,-0.032893000,0.707050000,3.073417000
1268,25.004930500,3.163815000,3.132370000,0.031445000,0.707051000,3.073545000
1269,25.006475100,3.126150000,3.159041000,-0.032891000,0.707040000,3.073512000
1270,25.021747000,3.163815000,3.132368000,0.031447000,0.707041000,3.073641000
1271,25.041818400,3.126150000,3.159039000,-0.032889000,0.707031000,3.073608000
1272,25.234625100,3.163815000,3.132366000,0.031449000,0.707031000,3.073738000
1273,25.237146400,3.126150000,3.159037000,-0.032887000,0.707021000,3.073704000
1274,25.238661100,3.163815000,3.132364000,0.031451000,0.707021000,3.073836000
1275,25.240097600,3.126150000,3.159035000,-0.032885000,0.707011000,3.073802000
1276,25.339883500,3.163815000,3.132362000,0.031453000,0.707011000,3.073934000
1277,25.343797900,3.126150000,3.159033000,-0.032883000,0.707000000,3.073900000
1278,25.346001200,3.163815000,3.132360000,0.031455000,0.707001000,3.074034000
1279,25.348186500,3.126150000,3.159031000,-0.032881000,0.706990000,3.074000000
1280,25.350019900,3.126150000,3.132358000,-0.006208000,0.706990000,3.073973000
1281,25.352281500,3.163815000,3.132349000,0.031466000,0.706991000,3.074108000
1282,25.354322400,3.126150000,3.159020000,-0.032870000,0.706980000,3.074074000
1283,25.356326600,3.163815000,3.132347000,0.031468000,0.706980000,3.074211000
1284,25.358428300,3.126150000,3.159018000,-0.032868000,0.706969000,3.074177000
1285,25.360377500,3.163815000,3.132345000,0.031470000,0.706970000,3.074314000
1286,25.362467600,3.126150000,3.159016000,-0.032866000,0.706959000,3.074280000
1287,25.364495700,3.163815000,3.132343000,0.031472000,0.706959000,3.074419000
1288,25.455041700,3.126150000,3.159014000,-0.032864000,0.706948000,3.074384000
1289,25.458679300,3.163815000,3.132341000,0.031474000,0.706949000,3.074524000
1290,25.460682500,3.126150000,3.159012000,-0.032862000,0.706937000,3.074489000
1291,25.463163100,3.163815000,3.132339000,0.031476000,0.706938000,3.074630000
1292,25.465307300,3.126150000,3.159009000,-0.032859000,0.706926000,3.074596000
1293,25.482232800,3.163815000,3.132337000,0.031478000,0.706927000,3.074738000
1294,25.572568500,3.126150000,3.159007000,-0.032857000,0.706915000,3.074703000
1295,25.575705900,3.804111000,3.901010000,-0.096899000,0.709027000,3.051916000
1296,25.577645700,4.670393000,4.375772000,0.294621000,0.704428000,3.102192000
1297,25.579495500,5.197696000,4.996160000,0.201536000,0.702729000,3.121549000
1298,25.581713100,5.499012000,5.369423000,0.129589000,0.702197000,3.128190000
1299,25.601336700,5.649670000,5.581892000,0.067778000,0.702086000,3.129928000
1300,25.680180300,5.762663000,5.688013000,0.074650000,0.702056000,3.130882000
1301,25.683571300,5.837992000,5.767698000,0.070294000,0.702094000,3.131099000
1302,25.685878400,5.875656000,5.820925000,0.054731000,0.702158000,3.130912000
1303,25.687920600,5.875656000,5.847641000,0.028015000,0.702200000,3.130725000
1304,25.701351300,5.913321000,5.847783000,0.065538000,0.702297000,3.130288000
1305,25.721763100,5.875656000,5.874565000,0.001091000,0.702299000,3.130277000
1306,25.797142800,5.913321000,5.848118000,0.065203000,0.702395000,3.129843000
1307,25.799926700,5.875656000,5.874903000,0.000753000,0.702397000,3.129835000
1308,25.801836900,5.875656000,5.848451000,0.027205000,0.702437000,3.129655000
1309,25.803732700,5.913321000,5.848588000,0.064733000,0.702533000,3.129225000
1310,25.821731200,5.875656000,5.875375000,0.000281000,0.702533000,3.129222000
1311,25.901455300,5.913321000,5.848916000,0.064405000,0.702628000,3.128796000
1312,25.904628200,5.875656000,5.875705000,-0.000049000,0.702628000,3.128797000
1313,25.906524200,5.913321000,5.849240000,0.064081000,0.702723000,3.128374000
1314,25.908454600,5.875656000,5.876031000,-0.000375000,0.702722000,3.128377000
1315,25.921699100,5.913321000,5.849561000,0.063760000,0.702816000,3.127958000
1316,25.941559300,5.875656000,5.876354000,-0.000698000,0.702815000,3.127965000
1317,26.016114500,5.875656000,5.849879000,0.025777000,0.702853000,3.127795000
1318,26.018939500,5.913321000,5.850008000,0.063313000,0.702946000,3.127380000
1319,26.020737700,5.913321000,5.876803000,0.036518000,0.703012000,3.127011000
1320,26.022684200,5.875656000,5.876992000,-0.001336000,0.703010000,3.127025000
1321,26.041671800,5.875656000,5.850507000,0.025149000,0.703047000,3.126861000
1322,26.061841800,5.913321000,5.850633000,0.062688000,0.703139000,3.126452000
1323,26.131690100,5.875656000,5.877432000,-0.001776000,0.703135000,3.126470000
1324,26.134613000,5.913321000,5.850940000,0.062381000,0.703227000,3.126064000
1325,26.136412200,5.875656000,5.877740000,-0.002084000,0.703223000,3.126085000
1326,26.141888100,5.913321000,5.851243000,0.062078000,0.703314000,3.125682000
1327,26.161933300,5.875656000,5.878046000,-0.002390000,0.703310000,3.125706000
1328,26.246158300,5.875656000,5.851543000,0.024113000,0.703345000,3.125551000
1329,26.248956900,5.913321000,5.851665000,0.061656000,0.703435000,3.125152000
1330,26.250685500,5.875656000,5.878470000,-0.002814000,0.703430000,3.125180000
1331,26.252847900,5.913321000,5.851961000,0.061360000,0.703519000,3.124785000
1332,26.261904500,5.875656000,5.878767000,-0.003111000,0.703514000,3.124816000
1333,26.281846800,5.913321000,5.852253000,0.061068000,0.703603000,3.124424000
1334,26.359560700,5.875656000,5.879062000,-0.003406000,0.703597000,3.124459000
1335,26.362645900,6.289966000,6.477436000,-0.187470000,0.706984000,3.087040000
1336,26.364523000,6.930261000,6.762187000,0.168074000,0.704662000,3.113107000
1337,26.366294400,7.269241000,7.218325000,0.050916000,0.704266000,3.117814000
1338,26.381704200,7.457563000,7.457840000,-0.000277000,0.704267000,3.117798000
1339,26.401829800,7.608222000,7.590466000,0.017756000,0.704217000,3.118530000
1340,26.473860100,7.683551000,7.696733000,-0.013182000,0.704236000,3.118180000
1341,26.476549900,7.758879000,7.749665000,0.009214000,0.704229000,3.118356000
1342,26.478041500,7.796544000,7.802794000,-0.006250000,0.704229000,3.118283000
1343,26.482791700,7.834208000,7.829264000,0.004944000,0.704231000,3.118322000
1344,26.503466200,7.834208000,7.855832000,-0.021624000,0.704216000,3.118229000
1345,26.588931300,7.871873000,7.855644000,0.016229000,0.704227000,3.118299000
1346,26.591764000,7.909538000,7.882309000,0.027229000,0.704255000,3.118314000
1347,26.593552000,7.871873000,7.909071000,-0.037198000,0.704203000,3.118433000
1348,26.595332200,7.909538000,7.882222000,0.027316000,0.704231000,3.118449000
1349,26.597300800,7.909538000,7.908982000,0.000556000,0.704232000,3.118447000
1350,26.617070300,7.909538000,7.908987000,0.000551000,0.704233000,3.118446000
1351,26.636759600,7.947202000,7.908992000,0.038210000,0.704286000,3.118324000
1352,26.701603100,7.909538000,7.935847000,-0.026309000,0.704240000,3.118509000
1353,26.704263200,7.909538000,7.909093000,0.000445000,0.704240000,3.118507000
1354,26.705842800,7.909538000,7.909097000,0.000441000,0.704241000,3.118506000
1355,26.719467700,7.909538000,7.909100000,0.000438000,0.704242000,3.118504000
1356,26.739949800,7.909538000,7.909104000,0.000434000,0.704242000,3.118503000
1357,26.815053200,7.909538000,7.909108000,0.000430000,0.704243000,3.118501000
1358,26.817619100,7.909538000,7.909111000,0.000427000,0.704243000,3.118500000
1359,26.819253900,7.909538000,7.909115000,0.000423000,0.704244000,3.118499000
1360,26.821783100,7.909538000,7.909119000,0.000419000,0.704245000,3.118498000
1361,26.841789100,7.909538000,7.909122000,0.000416000,0.704245000,3.118497000
1362,26.862072100,7.871873000,7.909126000,-0.037253000,0.704195000,3.118610000
1363,26.925856600,7.947202000,7.882294000,0.064908000,0.704256000,3.118678000
1364,26.928428500,7.871873000,7.935875000,-0.064002000,0.704146000,3.119134000
1365,26.930011500,7.909538000,7.882298000,0.027240000,0.704171000,3.119164000
1366,26.941659900,7.909538000,7.909042000,0.000496000,0.704172000,3.119163000
1367,26.961851100,7.909538000,7.909046000,0.000492000,0.704173000,3.119161000
1368,27.039337500,7.909538000,7.909050000,0.000488000,0.704173000,3.119160000
1369,27.041914600,7.909538000,7.909054000,0.000484000,0.704174000,3.119158000
1370,27.043537700,7.871873000,7.909059000,-0.037186000,0.704125000,3.119269000
1371,27.045113900,7.909538000,7.882237000,0.027301000,0.704150000,3.119304000
1372,27.061986100,7.909538000,7.908978000,0.000560000,0.704150000,3.119302000
1373,27.081657500,7.909538000,7.908981000,0.000557000,0.704151000,3.119300000
1374,27.148293800,7.871873000,7.908986000,-0.037113000,0.704103000,3.119411000
1375,27.150956900,7.269241000,6.790376000,0.478865000,0.721224000,2.943841000
1376,27.153106900,6.176972000,6.420284000,-0.243312000,0.714541000,3.012165000
1377,27.161906600,5.536676000,5.618567000,-0.081891000,0.713132000,3.026422000
1378,27.181876300,5.084702000,5.158948000,-0.074246000,0.712274000,3.034966000
1379,27.264235000,4.783387000,4.835687000,-0.052300000,0.711872000,3.038867000
1380,27.267190900,4.557400000,4.620708000,-0.063308000,0.711549000,3.041894000
1381,27.269133600,4.369078000,4.459570000,-0.090492000,0.711259000,3.044405000
1382,27.271093300,4.331413000,4.325310000,0.006103000,0.711269000,3.044339000
1383,27.281679600,4.256084000,4.298536000,-0.042452000,0.711215000,3.044661000
1384,27.301499600,4.293749000,4.244856000,0.048893000,0.711246000,3.044622000
1385,27.372889100,4.293749000,4.271760000,0.021989000,0.711267000,3.044529000
1386,27.375561300,4.293749000,4.271812000,0.021937000,0.711288000,3.044436000
1387,27.377243500,4.256084000,4.271864000,-0.015780000,0.711272000,3.044503000
1388,27.381587500,4.293749000,4.245037000,0.048712000,0.711303000,3.044465000
1389,27.401696800,4.293749000,4.271943000,0.021806000,0.711324000,3.044372000
1390,27.485991700,4.293749000,4.271996000,0.021753000,0.711345000,3.044278000
1391,27.488815200,4.256084000,4.272048000,-0.015964000,0.711330000,3.044347000
1392,27.490575800,4.293749000,4.245217000,0.048532000,0.711360000,3.044310000
1393,27.492750600,4.293749000,4.272126000,0.021623000,0.711381000,3.044216000
1394,27.501961400,4.293749000,4.272179000,0.021570000,0.711402000,3.044122000
1395,27.521606200,4.293749000,4.272232000,0.021517000,0.711423000,3.044029000
1396,27.596503400,4.256084000,4.272285000,-0.016201000,0.711407000,3.044100000
1397,27.599122500,4.293749000,4.245450000,0.048299000,0.711438000,3.044064000
1398,27.601020600,4.293749000,4.272362000,0.021387000,0.711459000,3.043970000
1399,27.603719400,4.256084000,4.272416000,-0.016332000,0.711443000,3.044042000
1400,27.621460500,4.293749000,4.245579000,0.048170000,0.711474000,3.044007000
1401,27.641846400,4.256084000,4.272493000,-0.016409000,0.711458000,3.044080000
1402,27.704864900,4.293749000,4.245656000,0.048093000,0.711488000,3.044045000
1403,27.707186700,4.293749000,4.272571000,0.021178000,0.711510000,3.043950000
1404,27.708629600,4.256084000,4.272624000,-0.016540000,0.711493000,3.044024000
1405,27.721740200,4.293749000,4.245784000,0.047965000,0.711524000,3.043990000
1406,27.741601400,4.256084000,4.272702000,-0.016618000,0.711507000,3.044065000
1407,27.819589000,4.293749000,4.245861000,0.047888000,0.711538000,3.044031000
1408,27.822446500,4.256084000,4.272779000,-0.016695000,0.711521000,3.044107000
1409,27.824192200,4.293749000,4.245937000,0.047812000,0.711552000,3.044074000
1410,27.825798900,4.256084000,4.272856000,-0.016772000,0.711535000,3.044151000
1411,27.841727900,4.256084000,4.246014000,0.010070000,0.711542000,3.044144000
1412,27.861582800,4.293749000,4.246039000,0.047710000,0.711573000,3.044111000
1413,27.924356900,4.256084000,4.272960000,-0.016876000,0.711555000,3.044189000
1414,27.926856200,4.256084000,4.246116000,0.009968000,0.711562000,3.044182000
1415,27.928408900,5.348354000,5.616023000,-0.267669000,0.721783000,2.934216000
1416,27.941788700,6.817268000,6.354437000,0.462831000,0.709624000,3.066334000
1417,27.961421900,7.608222000,7.444077000,0.164145000,0.707225000,3.093262000
1418,28.028894300,8.097859000,8.009999000,0.087860000,0.706468000,3.102213000
1419,28.031663400,8.323847000,8.357759000,-0.033912000,0.706637000,3.100040000
1420,28.033520200,8.474504000,8.516968000,-0.042464000,0.706776000,3.098063000
1421,28.042025700,8.587498000,8.622929000,-0.035431000,0.706852000,3.096828000
1422,28.061658900,8.625162000,8.702397000,-0.077235000,0.706953000,3.094818000
1423,28.137964900,8.662827000,8.728183000,-0.065356000,0.707020000,3.093314000
1424,28.140293000,8.700491000,8.754110000,-0.053619000,0.707060000,3.092243000
1425,28.141958400,8.700491000,8.780172000,-0.079681000,0.707095000,3.090892000
1426,28.143567100,8.700491000,8.779334000,-0.078843000,0.707131000,3.089562000
1427,28.161827400,8.738155000,8.778511000,-0.040356000,0.707148000,3.088885000
1428,28.181545400,8.738155000,8.804726000,-0.066571000,0.707159000,3.087971000
1429,28.240120900,8.738155000,8.804039000,-0.065884000,0.707169000,3.087071000
1430,28.243846500,8.738155000,8.803364000,-0.065209000,0.707179000,3.086185000
1431,28.245559900,8.738155000,8.802697000,-0.064542000,0.707189000,3.085313000
1432,28.261838900,8.700491000,8.802042000,-0.101551000,0.707204000,3.083947000
1433,28.281388600,8.738155000,8.774380000,-0.036225000,0.707220000,3.083353000
1434,28.350115200,8.738155000,8.800652000,-0.062497000,0.707230000,3.082523000
1435,28.352809100,8.738155000,8.800026000,-0.061871000,0.707239000,3.081705000
1436,28.354409900,8.738155000,8.799411000,-0.061256000,0.707248000,3.080899000
1437,28.361568800,8.738155000,8.798804000,-0.060649000,0.707256000,3.080106000
1438,28.381568600,8.738155000,8.798206000,-0.060051000,0.707265000,3.079324000
1439,28.457334400,8.738155000,8.797618000,-0.059463000,0.707274000,3.078553000
1440,28.459780700,8.700491000,8.797037000,-0.096546000,0.707287000,3.077307000
1441,28.461448000,8.738155000,8.769460000,-0.031305000,0.707302000,3.076807000
1442,28.463307400,8.738155000,8.795796000,-0.057641000,0.707310000,3.076072000
1443,28.481511100,8.700491000,8.795241000,-0.094750000,0.707323000,3.074869000
1444,28.501584200,8.738155000,8.767694000,-0.029539000,0.707336000,3.074402000
1445,28.561719100,8.738155000,8.794052000,-0.055897000,0.707343000,3.073701000
1446,28.564396300,8.700491000,8.793523000,-0.093032000,0.707356000,3.072539000
1447,28.565996200,8.738155000,8.766001000,-0.027846000,0.707368000,3.072102000
1448,28.581908200,8.700491000,8.792380000,-0.091889000,0.707380000,3.070968000
1449,28.601885100,8.738155000,8.764877000,-0.026722000,0.707392000,3.070551000
1450,28.674367100,8.738155000,8.791271000,-0.053116000,0.707399000,3.069903000
1451,28.677132300,8.700491000,8.790777000,-0.090286000,0.707410000,3.068805000
1452,28.678884200,8.738155000,8.763299000,-0.025144000,0.707421000,3.068417000
1453,28.681694500,8.738155000,8.789711000,-0.051556000,0.707427000,3.067797000
1454,28.701325800,8.738155000,8.789239000,-0.051084000,0.707434000,3.067185000
1455,28.721659200,8.361511000,8.021976000,0.339535000,0.714635000,2.995471000
1456,28.778470900,7.721215000,7.772712000,-0.051497000,0.713739000,3.004339000
1457,28.780760700,7.306906000,7.313536000,-0.006630000,0.713659000,3.005114000
1458,28.782514900,6.930261000,7.017709000,-0.087448000,0.712902000,3.012289000
1459,28.801809100,6.741939000,6.747971000,-0.006032000,0.712868000,3.012597000
1460,28.821410600,6.628946000,6.613670000,0.015276000,0.712931000,3.012053000
1461,28.880543800,6.553617000,6.533216000,0.020401000,0.712998000,3.011518000
1462,28.883180200,6.515952000,6.479627000,0.036325000,0.713095000,3.010791000
1463,28.884822800,6.402958000,6.452967000,-0.050009000,0.712977000,3.011636000
1464,28.901505100,6.402958000,6.372142000,0.030816000,0.713022000,3.011405000
1465,28.921547800,6.365294000,6.372291000,-0.006997000,0.713011000,3.011458000
1466,28.984563900,6.365294000,6.345403000,0.019891000,0.713034000,3.011372000
1467,28.986974700,6.365294000,6.345497000,0.019797000,0.713057000,3.011286000
1468,28.988508400,6.327630000,6.345590000,-0.017960000,0.713036000,3.011364000
1469,29.001899400,6.365294000,6.318649000,0.046645000,0.713076000,3.011312000
1470,29.021469200,6.327630000,6.345724000,-0.018094000,0.713055000,3.011391000
1471,29.092898000,6.365294000,6.318782000,0.046512000,0.713094000,3.011340000
1472,29.095670300,6.327630000,6.345857000,-0.018227000,0.713073000,3.011419000
1473,29.097353300,6.327630000,6.318913000,0.008717000,0.713080000,3.011410000
1474,29.101974500,6.289966000,6.318954000,-0.028988000,0.713056000,3.011441000
1475,29.121767900,6.327630000,6.291962000,0.035668000,0.713074000,3.011521000
1476,29.193967800,6.327630000,6.318984000,0.008646000,0.713082000,3.011511000
1477,29.196470900,6.289966000,6.319024000,-0.029058000,0.713057000,3.011543000
1478,29.198034000,6.327630000,6.292031000,0.035599000,0.713076000,3.011624000
1479,29.201387800,6.289966000,6.319054000,-0.029088000,0.713051000,3.011656000
1480,29.221829300,6.327630000,6.292061000,0.035569000,0.713070000,3.011737000
1481,29.241669400,6.289966000,6.319083000,-0.029117000,0.713045000,3.011770000
1482,29.303372700,6.327630000,6.292090000,0.035540000,0.713063000,3.011852000
1483,29.305882900,6.327630000,6.319112000,0.008518000,0.713070000,3.011842000
1484,29.307353000,6.289966000,6.319151000,-0.029185000,0.713046000,3.011876000
1485,29.323276300,6.327630000,6.292158000,0.035472000,0.713064000,3.011959000
1486,29.343887200,6.327630000,6.319180000,0.008450000,0.713071000,3.011949000
1487,29.406570100,6.327630000,6.319220000,0.008410000,0.713078000,3.011939000
1488,29.409178400,6.327630000,6.319259000,0.008371000,0.713085000,3.011930000
1489,29.410732900,6.327630000,6.319299000,0.008331000,0.713093000,3.011920000
1490,29.416910500,6.327630000,6.319337000,0.008293000,0.713100000,3.011910000
1491,29.436968400,6.365294000,6.319376000,0.045918000,0.713139000,3.011857000
1492,29.523190900,6.327630000,6.346452000,-0.018822000,0.713116000,3.011947000
1493,29.526019600,6.365294000,6.319503000,0.045791000,0.713155000,3.011894000
1494,29.528148700,6.327630000,6.346579000,-0.018949000,0.713132000,3.011985000
1495,29.529902600,5.837992000,5.566633000,0.271359000,0.719545000,2.946479000
1496,29.537438400,5.084702000,5.231963000,-0.147261000,0.716806000,2.974338000
1497,29.556640700,4.557400000,4.685764000,-0.128364000,0.715261000,2.989859000
1498,29.630551100,4.218420000,4.306182000,-0.087762000,0.714595000,2.996406000
1499,29.633038000,3.992433000,4.063204000,-0.070771000,0.714258000,2.999596000
1500,29.634571500,3.879440000,3.901486000,-0.022046000,0.714195000,3.000155000
1501,29.636939800,3.804111000,3.820729000,-0.016618000,0.714163000,3.000413000
1502,29.657214800,3.766446000,3.766898000,-0.000452000,0.714162000,3.000417000
1503,29.676690200,3.728782000,3.739999000,-0.011217000,0.714151000,3.000479000
1504,29.731782500,3.728782000,3.713081000,0.015701000,0.714161000,3.000444000
1505,29.734147000,3.728782000,3.713108000,0.015674000,0.714172000,3.000409000
1506,29.736719400,3.728782000,3.713134000,0.015648000,0.714182000,3.000374000
1507,29.756591000,3.728782000,3.713161000,0.015621000,0.714193000,3.000339000
1508,29.776582900,3.691118000,3.713187000,-0.022069000,0.714178000,3.000389000
1509,29.848708200,3.728782000,3.686251000,0.042531000,0.714192000,3.000440000
1510,29.851286400,3.691118000,3.713221000,-0.022103000,0.714177000,3.000490000
1511,29.852901000,3.728782000,3.686284000,0.042498000,0.714192000,3.000541000
1512,29.857417600,3.728782000,3.713255000,0.015527000,0.714202000,3.000505000
1513,29.877539100,3.691118000,3.713282000,-0.022164000,0.714187000,3.000556000
1514,30.010214400,3.728782000,3.686344000,0.042438000,0.714202000,3.000608000
1515,30.014646800,3.728782000,3.713316000,0.015466000,0.714213000,3.000572000
1516,30.017081400,3.691118000,3.713343000,-0.022225000,0.714197000,3.000624000
1517,30.019366300,3.728782000,3.686405000,0.042377000,0.714212000,3.000677000
1518,30.020959600,3.728782000,3.713377000,0.015405000,0.714223000,3.000641000
1519,30.022980900,3.691118000,3.713405000,-0.022287000,0.714207000,3.000694000
1520,30.024747500,3.728782000,3.686465000,0.042317000,0.714222000,3.000747000
1521,30.041371300,3.728782000,3.713439000,0.015343000,0.714233000,3.000711000
1522,30.118428600,3.691118000,3.713466000,-0.022348000,0.714217000,3.000764000
1523,30.122713700,3.728782000,3.686526000,0.042256000,0.714232000,3.000819000
1524,30.125758100,3.691118000,3.713501000,-0.022383000,0.714216000,3.000873000
1525,30.128116800,3.728782000,3.686560000,0.042222000,0.714231000,3.000929000
1526,30.141657400,3.728782000,3.713535000,0.015247000,0.714242000,3.000891000
1527,30.161583900,3.691118000,3.713563000,-0.022445000,0.714226000,3.000946000
1528,30.224270000,3.728782000,3.686621000,0.042161000,0.714240000,3.001003000
1529,30.226764500,3.728782000,3.713598000,0.015184000,0.714251000,3.000965000
1530,30.228343000,3.691118000,3.713625000,-0.022507000,0.714235000,3.001021000
1531,30.241561100,3.728782000,3.686683000,0.042099000,0.714250000,3.001079000
1532,30.261579200,3.691118000,3.713660000,-0.022542000,0.714234000,3.001135000
1533,30.338975000,3.728782000,3.686718000,0.042064000,0.714249000,3.001193000
1534,30.341891600,3.728782000,3.713695000,0.015087000,0.714260000,3.001155000
1535,30.343843600,4.557400000,4.764127000,-0.206727000,0.720785000,2.931127000
1536,30.345654500,5.800327000,5.336697000,0.463630000,0.710277000,3.044928000
1537,30.361929300,6.440623000,6.251291000,0.189332000,0.708002000,3.070443000
1538,30.381686700,6.817268000,6.709283000,0.107985000,0.707281000,3.079008000
1539,30.442096600,7.043255000,6.977029000,0.066226000,0.707046000,3.082116000
1540,30.446037500,7.156249000,7.137383000,0.018866000,0.707014000,3.082634000
1541,30.448340900,7.193912000,7.217412000,-0.023500000,0.707031000,3.082218000
1542,30.461457500,7.231577000,7.243873000,-0.012296000,0.707036000,3.082041000
1543,30.481839800,7.231577000,7.270417000,-0.038840000,0.707040000,3.081610000
1544,30.556490600,7.269241000,7.270143000,-0.000902000,0.707040000,3.081600000
1545,30.559243400,7.269241000,7.296766000,-0.027525000,0.707034000,3.081387000
1546,30.561047100,7.269241000,7.296573000,-0.027332000,0.707028000,3.081176000
1547,30.563595500,7.306906000,7.296381000,0.010525000,0.707030000,3.081257000
1548,30.581917900,7.269241000,7.323085000,-0.053844000,0.707001000,3.081023000
1549,30.601601100,7.306906000,7.296078000,0.010828000,0.707004000,3.081106000
1550,30.659457600,7.306906000,7.322783000,-0.015877000,0.706995000,3.081038000
1551,30.662055100,7.306906000,7.322671000,-0.015765000,0.706986000,3.080970000
1552,30.663938000,7.306906000,7.322561000,-0.015655000,0.706978000,3.080903000
1553,30.681521300,7.306906000,7.322453000,-0.015547000,0.706969000,3.080836000
1554,30.701611100,7.306906000,7.322344000,-0.015438000,0.706961000,3.080770000
1555,30.762648300,7.306906000,7.322237000,-0.015331000,0.706953000,3.080705000
1556,30.766218700,7.306906000,7.322131000,-0.015225000,0.706945000,3.080640000
1557,30.768039900,7.306906000,7.322026000,-0.015120000,0.706937000,3.080576000
1558,30.781971800,7.306906000,7.321922000,-0.015016000,0.706928000,3.080512000
1559,30.801617500,7.306906000,7.321818000,-0.014912000,0.706921000,3.080449000
1560,30.866453400,7.269241000,7.321716000,-0.052475000,0.706892000,3.080227000
1561,30.868835100,7.306906000,7.294731000,0.012175000,0.706895000,3.080322000
1562,30.870279200,7.306906000,7.321439000,-0.014533000,0.706887000,3.080261000
1563,30.881692300,7.306906000,7.321340000,-0.014434000,0.706879000,3.080201000
1564,30.901629500,7.269241000,7.321241000,-0.052000000,0.706852000,3.079984000
1565,30.969830600,7.306906000,7.294264000,0.012642000,0.706854000,3.080083000
1566,30.972378200,7.306906000,7.320973000,-0.014067000,0.706846000,3.080025000
1567,30.974016200,7.306906000,7.320878000,-0.013972000,0.706839000,3.079967000
1568,30.981939600,7.269241000,7.320783000,-0.051542000,0.706812000,3.079755000
1569,31.001604900,7.306906000,7.293813000,0.013093000,0.706814000,3.079858000
1570,31.076318500,7.306906000,7.320522000,-0.013616000,0.706807000,3.079802000
1571,31.078680100,7.306906000,7.320431000,-0.013525000,0.706799000,3.079747000
1572,31.080103400,7.269241000,7.320340000,-0.051099000,0.706772000,3.079540000
1573,31.081979500,7.306906000,7.293377000,0.013529000,0.706775000,3.079646000
1574,31.101838600,7.306906000,7.320087000,-0.013181000,0.706768000,3.079593000
1575,31.121590400,6.515952000,6.088162000,0.427790000,0.721913000,2.924147000
1576,31.183412100,5.235361000,5.581198000,-0.345837000,0.712832000,3.017108000
1577,31.186158900,4.482071000,4.637065000,-0.154994000,0.710372000,3.042059000
1578,31.187950200,3.992433000,4.096555000,-0.104122000,0.709318000,3.052591000
1579,31.201649400,3.653453000,3.747684000,-0.094231000,0.708710000,3.058539000
1580,31.221884900,3.427466000,3.506799000,-0.079333000,0.708396000,3.061470000
1581,31.286271700,3.314473000,3.346446000,-0.031973000,0.708324000,3.062092000
1582,31.288867500,3.163815000,3.266347000,-0.102532000,0.708177000,3.063187000
1583,31.290606900,3.126150000,3.159498000,-0.033348000,0.708167000,3.063149000
1584,31.301840700,3.163815000,3.132782000,0.031033000,0.708168000,3.063277000
1585,31.321423800,3.126150000,3.159495000,-0.033345000,0.708158000,3.063239000
1586,31.390530500,3.126150000,3.132779000,-0.006629000,0.708158000,3.063212000
1587,31.394586600,3.126150000,3.132771000,-0.006621000,0.708158000,3.063184000
1588,31.397142100,3.163815000,3.132762000,0.031053000,0.708158000,3.063314000
1589,31.401503900,3.126150000,3.159475000,-0.033325000,0.708148000,3.063276000
1590,31.421753700,3.126150000,3.132759000,-0.006609000,0.708148000,3.063248000
1591,31.504318700,3.163815000,3.132751000,0.031064000,0.708148000,3.063380000
1592,31.507274400,3.126150000,3.159464000,-0.033314000,0.708138000,3.063341000
1593,31.509157500,3.163815000,3.132748000,0.031067000,0.708138000,3.063474000
1594,31.511465200,3.126150000,3.159460000,-0.033310000,0.708128000,3.063436000
1595,31.521726400,3.126150000,3.132745000,-0.006595000,0.708128000,3.063407000
1596,31.541529000,3.163815000,3.132736000,0.031079000,0.708128000,3.063541000
1597,31.616239900,3.126150000,3.159449000,-0.033299000,0.708118000,3.063503000
1598,31.618819900,3.163815000,3.132733000,0.031082000,0.708118000,3.063638000
1599,31.620595900,3.126150000,3.159445000,-0.033295000,0.708107000,3.063600000
1600,31.622693700,3.126150000,3.132730000,-0.006580000,0.708107000,3.063571000
1601,31.641880300,3.163815000,3.132721000,0.031094000,0.708107000,3.063708000
1602,31.661768000,3.126150000,3.159433000,-0.033283000,0.708097000,3.063669000
1603,31.730092600,3.126150000,3.132718000,-0.006568000,0.708097000,3.063640000
1604,31.733518000,3.163815000,3.132709000,0.031106000,0.708097000,3.063778000
1605,31.735567100,3.126150000,3.159421000,-0.033271000,0.708086000,3.063740000
1606,31.741754400,3.163815000,3.132705000,0.031110000,0.708086000,3.063879000
1607,31.761840400,3.126150000,3.159418000,-0.033268000,0.708075000,3.063841000
1608,31.847292900,3.163815000,3.132702000,0.031113000,0.708076000,3.063982000
1609,31.850097700,3.126150000,3.159415000,-0.033265000,0.708065000,3.063943000
1610,31.851947400,3.126150000,3.132699000,-0.006549000,0.708065000,3.063913000
1611,31.854890100,3.163815000,3.132690000,0.031125000,0.708065000,3.064055000
1612,31.863328500,3.126150000,3.159403000,-0.033253000,0.708054000,3.064016000
1613,31.883684800,3.163815000,3.132687000,0.031128000,0.708054000,3.064160000
1614,31.894187000,3.126150000,3.159400000,-0.033250000,0.708043000,3.064121000
1615,31.965358700,3.766446000,3.898714000,-0.132268000,0.710913000,3.033140000
1616,31.968492600,4.708058000,4.345841000,0.362217000,0.705177000,3.095809000
1617,31.970413700,5.197696000,5.022707000,0.174989000,0.703761000,3.112009000
1618,31.976933500,5.461347000,5.369539000,0.091808000,0.703384000,3.116709000
1619,31.997111900,5.649670000,5.555614000,0.094056000,0.703200000,3.119427000
1620,32.076886900,5.724998000,5.688535000,0.036463000,0.703186000,3.119898000
1621,32.079991300,5.800327000,5.741680000,0.058647000,0.703198000,3.120278000
1622,32.081723100,5.875656000,5.794931000,0.080725000,0.703265000,3.120281000
1623,32.083470500,5.875656000,5.848299000,0.027357000,0.703305000,3.120104000
1624,32.099417900,5.875656000,5.848437000,0.027219000,0.703345000,3.119928000
1625,32.121558300,5.875656000,5.848574000,0.027082000,0.703385000,3.119753000
1626,32.181372700,5.913321000,5.848711000,0.064610000,0.703479000,3.119335000
1627,32.184200400,5.913321000,5.875532000,0.037789000,0.703546000,3.118966000
1628,32.185867200,5.875656000,5.875726000,-0.000070000,0.703546000,3.118967000
1629,32.201599200,5.913321000,5.849227000,0.064094000,0.703640000,3.118555000
1630,32.221540800,5.875656000,5.876052000,-0.000396000,0.703639000,3.118559000
1631,32.297076100,5.913321000,5.849547000,0.063774000,0.703732000,3.118150000
1632,32.299383000,5.875656000,5.876374000,-0.000718000,0.703730000,3.118157000
1633,32.300798000,5.913321000,5.849864000,0.063457000,0.703823000,3.117752000
1634,32.302555500,5.875656000,5.876693000,-0.001037000,0.703821000,3.117762000
1635,32.321648000,5.913321000,5.850178000,0.063143000,0.703912000,3.117360000
1636,32.341711000,5.875656000,5.877008000,-0.001352000,0.703910000,3.117373000
1637,32.400257900,5.913321000,5.850489000,0.062832000,0.704001000,3.116974000
1638,32.402812200,5.875656000,5.877320000,-0.001664000,0.703998000,3.116990000
1639,32.404419800,5.913321000,5.850796000,0.062525000,0.704089000,3.116594000
1640,32.421621200,5.875656000,5.877630000,-0.001974000,0.704085000,3.116614000
1641,32.441674100,5.875656000,5.851100000,0.024556000,0.704121000,3.116459000
1642,32.504154200,5.913321000,5.851223000,0.062098000,0.704211000,3.116066000
1643,32.506713800,5.875656000,5.878060000,-0.002404000,0.704206000,3.116090000
1644,32.508299100,5.913321000,5.851523000,0.061798000,0.704296000,3.115701000
1645,32.521861800,5.875656000,5.878361000,-0.002705000,0.704291000,3.115728000
1646,32.541876900,5.913321000,5.851820000,0.061501000,0.704379000,3.115342000
1647,32.613877800,5.875656000,5.878659000,-0.003003000,0.704374000,3.115372000
1648,32.616428900,5.875656000,5.852114000,0.023542000,0.704408000,3.115224000
1649,32.617919000,5.913321000,5.852232000,0.061089000,0.704496000,3.114842000
1650,32.621730800,5.875656000,5.879073000,-0.003417000,0.704490000,3.114876000
1651,32.641625800,5.913321000,5.852521000,0.060800000,0.704577000,3.114497000
1652,32.718913000,5.875656000,5.879364000,-0.003708000,0.704571000,3.114534000
1653,32.721784200,5.913321000,5.852808000,0.060513000,0.704657000,3.114157000
1654,32.723727600,5.875656000,5.879653000,-0.003997000,0.704650000,3.114197000
1655,32.725470800,6.289966000,6.475931000,-0.185965000,0.707996000,3.077231000
1656,32.741507400,6.967926000,6.761191000,0.206735000,0.705152000,3.109174000
1657,32.761849100,7.306906000,7.245325000,0.061581000,0.704695000,3.114635000
1658,32.825530400,7.457563000,7.485114000,-0.027551000,0.704812000,3.113094000
1659,32.828492900,7.608222000,7.591002000,0.017220000,0.704763000,3.113805000
1660,32.830209100,7.645886000,7.697347000,-0.051461000,0.704838000,3.112430000
1661,32.841746800,7.721215000,7.723433000,-0.002218000,0.704840000,3.112379000
1662,32.861783200,7.721215000,7.776508000,-0.055293000,0.704862000,3.111516000
1663,32.929110800,7.796544000,7.776028000,0.020516000,0.704854000,3.111835000
1664,32.932156500,7.834208000,7.829302000,0.004906000,0.704856000,3.111875000
1665,32.934107500,7.834208000,7.855892000,-0.021684000,0.704841000,3.111779000
1666,32.941876700,7.871873000,7.855705000,0.016168000,0.704852000,3.111851000
1667,32.961840700,7.909538000,7.882392000,0.027146000,0.704880000,3.111868000
1668,33.035369200,7.871873000,7.909175000,-0.037302000,0.704828000,3.111984000
1669,33.038145400,7.909538000,7.882304000,0.027234000,0.704856000,3.112002000
1670,33.039963500,7.871873000,7.909085000,-0.037212000,0.704804000,3.112119000
1671,33.042084600,7.909538000,7.882218000,0.027320000,0.704832000,3.112138000
1672,33.061523300,7.909538000,7.908998000,0.000540000,0.704833000,3.112136000
1673,33.081829300,7.909538000,7.909002000,0.000536000,0.704833000,3.112134000
1674,33.144210200,7.909538000,7.909007000,0.000531000,0.704834000,3.112133000
1675,33.146687100,7.909538000,7.909011000,0.000527000,0.704835000,3.112131000
1676,33.148309000,7.871873000,7.909016000,-0.037143000,0.704784000,3.112246000
1677,33.161795400,7.909538000,7.882157000,0.027381000,0.704811000,3.112269000
1678,33.181604400,7.909538000,7.908931000,0.000607000,0.704812000,3.112267000
1679,33.246304300,7.871873000,7.908937000,-0.037064000,0.704762000,3.112382000
1680,33.248765800,7.909538000,7.882082000,0.027456000,0.704788000,3.112407000
1681,33.250328700,7.909538000,7.908854000,0.000684000,0.704789000,3.112405000
1682,33.261716400,7.871873000,7.908859000,-0.036986000,0.704740000,3.112520000
1683,33.281860900,7.909538000,7.882010000,0.027528000,0.704766000,3.112546000
1684,33.362240500,7.871873000,7.908779000,-0.036906000,0.704716000,3.112661000
1685,33.365979800,7.909538000,7.881932000,0.027606000,0.704742000,3.112688000
1686,33.367719700,7.909538000,7.908700000,0.000838000,0.704743000,3.112685000
1687,33.369343500,7.871873000,7.908708000,-0.036835000,0.704694000,3.112800000
1688,33.381492000,7.909538000,7.881866000,0.027672000,0.704720000,3.112829000
1689,33.401316200,7.909538000,7.908631000,0.000907000,0.704721000,3.112826000
1690,33.474878100,7.909538000,7.908638000,0.000900000,0.704722000,3.112823000
1691,33.477600500,7.909538000,7.908646000,0.000892000,0.704724000,3.112821000
1692,33.479339700,7.909538000,7.908653000,0.000885000,0.704725000,3.112818000
1693,33.481645900,7.871873000,7.908660000,-0.036787000,0.704677000,3.112932000
1694,33.501859200,7.909538000,7.881824000,0.027714000,0.704701000,3.112965000
1695,33.521502100,7.269241000,6.819047000,0.450194000,0.720864000,2.947233000
1696,33.595687100,6.176972000,6.419028000,-0.242056000,0.714252000,3.014819000
1697,33.598688400,5.536676000,5.617844000,-0.081168000,0.712862000,3.028874000
1698,33.600597800,5.084702000,5.158436000,-0.073734000,0.712014000,3.037314000
1699,33.602788500,4.783387000,4.835307000,-0.051920000,0.711618000,3.041167000
1700,33.621718500,4.557400000,4.620409000,-0.063009000,0.711297000,3.044166000
1701,33.641603100,4.406742000,4.459331000,-0.052589000,0.711129000,3.045619000
1702,33.717119700,4.293749000,4.352011000,-0.058262000,0.711018000,3.046452000
1703,33.720297800,4.293749000,4.271513000,0.022236000,0.711039000,3.046358000
1704,33.722539100,4.256084000,4.271566000,-0.015482000,0.711024000,3.046424000
1705,33.724574100,4.293749000,4.244749000,0.049000000,0.711055000,3.046383000
1706,33.741992100,4.256084000,4.271645000,-0.015561000,0.711040000,3.046449000
1707,33.761657500,4.293749000,4.244826000,0.048923000,0.711071000,3.046409000
1708,33.836661300,4.256084000,4.271724000,-0.015640000,0.711056000,3.046476000
1709,33.839632200,4.293749000,4.244905000,0.048844000,0.711087000,3.046435000
1710,33.841650800,4.256084000,4.271802000,-0.015718000,0.711072000,3.046503000
1711,33.843765600,4.293749000,4.244982000,0.048767000,0.711103000,3.046463000
1712,33.861664900,4.256084000,4.271882000,-0.015798000,0.711087000,3.046532000
1713,33.881700800,4.293749000,4.245060000,0.048689000,0.711118000,3.046492000
1714,33.960056600,4.256084000,4.271960000,-0.015876000,0.711103000,3.046562000
1715,33.965447600,4.256084000,4.245138000,0.010946000,0.711110000,3.046553000
1716,33.968928100,4.293749000,4.245164000,0.048585000,0.711141000,3.046513000
1717,33.972428000,4.256084000,4.272066000,-0.015982000,0.711125000,3.046584000
1718,33.981546400,4.256084000,4.245243000,0.010841000,0.711132000,3.046575000
1719,34.001651000,4.256084000,4.245268000,0.010816000,0.711139000,3.046566000
1720,34.077842000,4.256084000,4.245295000,0.010789000,0.711146000,3.046558000
1721,34.080329000,4.293749000,4.245321000,0.048428000,0.711178000,3.046518000
1722,34.082284300,4.256084000,4.272225000,-0.016141000,0.711161000,3.046591000
1723,34.085379200,4.256084000,4.245399000,0.010685000,0.711168000,3.046582000
1724,34.101517900,4.293749000,4.245425000,0.048324000,0.711200000,3.046543000
1725,34.121892200,4.256084000,4.272331000,-0.016247000,0.711183000,3.046618000
1726,34.190846900,4.256084000,4.245504000,0.010580000,0.711190000,3.046609000
1727,34.194097500,4.256084000,4.245530000,0.010554000,0.711197000,3.046600000
1728,34.196059800,4.293749000,4.245556000,0.048193000,0.711229000,3.046561000
1729,34.203942100,4.256084000,4.272463000,-0.016379000,0.711212000,3.046637000
1730,34.214040300,4.293749000,4.245634000,0.048115000,0.711244000,3.046598000
1731,34.234692900,4.256084000,4.272543000,-0.016459000,0.711227000,3.046675000
1732,34.293251300,4.256084000,4.245713000,0.010371000,0.711234000,3.046667000
1733,34.295749000,4.293749000,4.245739000,0.048010000,0.711266000,3.046628000
1734,34.298477300,4.256084000,4.272649000,-0.016565000,0.711249000,3.046707000
1735,34.316605500,5.310689000,5.616835000,-0.306146000,0.722887000,2.921525000
1736,34.336720700,6.817268000,6.322321000,0.494947000,0.709824000,3.063367000
1737,34.411196100,7.645886000,7.442923000,0.202963000,0.706879000,3.096446000
1738,34.414838300,8.097859000,8.036693000,0.061166000,0.706372000,3.102466000
1739,34.416780000,8.361511000,8.357194000,0.004317000,0.706350000,3.102740000
1740,34.421895800,8.474504000,8.543486000,-0.068982000,0.706556000,3.099748000
1741,34.441703000,8.587498000,8.622495000,-0.034997000,0.706630000,3.098538000
1742,34.515299400,8.625162000,8.701942000,-0.076780000,0.706729000,3.096556000
1743,34.518243200,8.625162000,8.727726000,-0.102564000,0.706832000,3.094219000
1744,34.520195200,8.625162000,8.726626000,-0.101464000,0.706933000,3.091920000
1745,34.522358900,8.662827000,8.725544000,-0.062717000,0.706995000,3.090506000
1746,34.542196800,8.662827000,8.751508000,-0.088681000,0.707058000,3.088777000
1747,34.561909100,8.700491000,8.750578000,-0.050087000,0.707093000,3.087806000
1748,34.628810400,8.700491000,8.776689000,-0.076198000,0.707124000,3.086560000
1749,34.631716100,8.700491000,8.775901000,-0.075410000,0.707155000,3.085333000
1750,34.633710800,8.700491000,8.775126000,-0.074635000,0.707185000,3.084126000
1751,34.642087200,8.738155000,8.774363000,-0.036208000,0.707200000,3.083543000
1752,34.661523600,8.738155000,8.800631000,-0.062476000,0.707206000,3.082730000
1753,34.730643800,8.700491000,8.800000000,-0.099509000,0.707217000,3.081442000
1754,34.733740400,8.738155000,8.772364000,-0.034209000,0.707231000,3.080897000
1755,34.735441900,8.775820000,8.798659000,-0.022839000,0.707234000,3.080605000
1756,34.741554100,8.738155000,8.825070000,-0.086915000,0.707217000,3.079765000
1757,34.761490900,8.738155000,8.797573000,-0.059418000,0.707223000,3.079011000
1758,34.842626800,8.738155000,8.796988000,-0.058833000,0.707230000,3.078268000
1759,34.846807900,8.775820000,8.796412000,-0.020592000,0.707232000,3.078009000
1760,34.849555900,8.738155000,8.822848000,-0.084693000,0.707215000,3.077213000
1761,34.852144500,8.738155000,8.795388000,-0.057233000,0.707222000,3.076499000
1762,34.861707000,8.775820000,8.794835000,-0.019015000,0.707224000,3.076262000
1763,34.881887100,8.738155000,8.821290000,-0.083135000,0.707207000,3.075497000
1764,34.972933400,8.775820000,8.793857000,-0.018037000,0.707209000,3.075274000
1765,34.975522800,8.775820000,8.820321000,-0.044501000,0.707200000,3.074870000
1766,34.977027000,8.738155000,8.819900000,-0.081745000,0.707184000,3.074131000
1767,34.978517000,8.738155000,8.792491000,-0.054336000,0.707190000,3.073465000
1768,34.981690400,8.775820000,8.791981000,-0.016161000,0.707192000,3.073268000
1769,35.001686700,8.775820000,8.818465000,-0.042645000,0.707183000,3.072890000
1770,35.081699700,8.738155000,8.818068000,-0.079913000,0.707167000,3.072185000
1771,35.086787000,8.775820000,8.790690000,-0.014870000,0.707169000,3.072005000
1772,35.088662500,8.775820000,8.817188000,-0.041368000,0.707160000,3.071644000
1773,35.090224100,8.775820000,8.816807000,-0.040987000,0.707152000,3.071288000
1774,35.101416000,8.738155000,8.816431000,-0.078276000,0.707136000,3.070610000
1775,35.121879900,8.399176000,8.021430000,0.377746000,0.715114000,2.991170000
1776,35.183423100,7.758879000,7.801068000,-0.042189000,0.714371000,2.998526000
1777,35.187348600,7.269241000,7.341833000,-0.072592000,0.713482000,3.007172000
1778,35.189874800,6.967926000,6.990776000,-0.022850000,0.713292000,3.008965000
1779,35.201638100,6.741939000,6.775545000,-0.033606000,0.713093000,3.010771000
1780,35.221380600,6.666610000,6.614093000,0.052517000,0.713310000,3.008919000
1781,35.293663500,6.553617000,6.560712000,-0.007095000,0.713285000,3.009126000
1782,35.296502900,6.515952000,6.480072000,0.035880000,0.713380000,3.008416000
1783,35.298273400,6.440623000,6.453399000,-0.012776000,0.713350000,3.008629000
1784,35.302011600,6.402958000,6.399596000,0.003362000,0.713356000,3.008594000
1785,35.321984000,6.365294000,6.372744000,-0.007450000,0.713345000,3.008648000
1786,35.398029800,6.365294000,6.345840000,0.019454000,0.713367000,3.008568000
1787,35.400380800,6.327630000,6.345932000,-0.018302000,0.713346000,3.008644000
1788,35.402266900,6.365294000,6.318978000,0.046316000,0.713385000,3.008598000
1789,35.403989300,6.327630000,6.346063000,-0.018433000,0.713364000,3.008675000
1790,35.421696300,6.327630000,6.319108000,0.008522000,0.713371000,3.008667000
1791,35.441901000,6.327630000,6.319147000,0.008483000,0.713378000,3.008659000
1792,35.512601100,6.327630000,6.319186000,0.008444000,0.713385000,3.008651000
1793,35.515458300,6.327630000,6.319226000,0.008404000,0.713392000,3.008643000
1794,35.517313700,6.327630000,6.319265000,0.008365000,0.713399000,3.008635000
1795,35.521519800,6.327630000,6.319304000,0.008326000,0.713406000,3.008627000
1796,35.541386200,6.327630000,6.319343000,0.008287000,0.713412000,3.008619000
1797,35.620140300,6.327630000,6.319382000,0.008248000,0.713419000,3.008611000
1798,35.622873600,6.327630000,6.319420000,0.008210000,0.713426000,3.008603000
1799,35.624477900,6.365294000,6.319458000,0.045836000,0.713464000,3.008559000
1800,35.626029600,6.327630000,6.346545000,-0.018915000,0.713442000,3.008641000
1801,35.641526100,6.327630000,6.319584000,0.008046000,0.713449000,3.008633000
1802,35.661903900,6.327630000,6.319622000,0.008008000,0.713456000,3.008626000
1803,35.731295000,6.327630000,6.319658000,0.007972000,0.713462000,3.008618000
1804,35.734073000,6.327630000,6.319696000,0.007934000,0.713469000,3.008610000
1805,35.735623500,6.365294000,6.319733000,0.045561000,0.713507000,3.008567000
1806,35.741581900,6.327630000,6.346820000,-0.019190000,0.713484000,3.008652000
1807,35.761624600,6.327630000,6.319856000,0.007774000,0.713491000,3.008645000
1808,35.847607400,6.327630000,6.319892000,0.007738000,0.713497000,3.008638000
1809,35.850389700,6.327630000,6.319929000,0.007701000,0.713504000,3.008631000
1810,35.852349100,6.327630000,6.319965000,0.007665000,0.713510000,3.008624000
1811,35.854157200,6.365294000,6.320001000,0.045293000,0.713548000,3.008581000
1812,35.861912400,6.327630000,6.347089000,-0.019459000,0.713525000,3.008669000
1813,35.881735700,6.327630000,6.320121000,0.007509000,0.713531000,3.008662000
1814,35.961976700,6.365294000,6.320157000,0.045137000,0.713568000,3.008621000
1815,35.964905000,5.800327000,5.595089000,0.205238000,0.718448000,2.958754000
1816,35.966688300,5.047038000,5.202796000,-0.155758000,0.715619000,2.987527000
1817,35.968518400,4.557400000,4.657389000,-0.099989000,0.714453000,2.999225000
1818,35.981914200,4.218420000,4.305777000,-0.087357000,0.713794000,3.005705000
1819,36.001477600,3.992433000,4.063078000,-0.070645000,0.713459000,3.008868000
1820,36.064982800,3.879440000,3.901542000,-0.022102000,0.713396000,3.009424000
1821,36.067319100,3.804111000,3.820876000,-0.016765000,0.713364000,3.009682000
1822,36.068744100,3.766446000,3.767105000,-0.000659000,0.713363000,3.009687000
1823,36.081726500,3.728782000,3.740236000,-0.011454000,0.713352000,3.009750000
1824,36.101579000,3.766446000,3.713347000,0.053099000,0.713387000,3.009637000
1825,36.167588100,3.728782000,3.740306000,-0.011524000,0.713376000,3.009701000
1826,36.169878000,3.728782000,3.713417000,0.015365000,0.713386000,3.009668000
1827,36.171531200,3.766446000,3.713443000,0.053003000,0.713420000,3.009555000
1828,36.181759700,3.728782000,3.740403000,-0.011621000,0.713409000,3.009619000
1829,36.201389000,3.728782000,3.713513000,0.015269000,0.713419000,3.009587000
1830,36.276666100,3.728782000,3.713539000,0.015243000,0.713429000,3.009554000
1831,36.279373300,3.766446000,3.713565000,0.052881000,0.713464000,3.009440000
1832,36.280970500,3.728782000,3.740528000,-0.011746000,0.713452000,3.009506000
1833,36.282936300,3.728782000,3.713635000,0.015147000,0.713462000,3.009474000
1834,36.301375200,3.728782000,3.713661000,0.015121000,0.713472000,3.009441000
1835,36.321655100,3.728782000,3.713687000,0.015095000,0.713483000,3.009408000
1836,36.383121100,3.766446000,3.713714000,0.052732000,0.713518000,3.009292000
1837,36.385565700,3.728782000,3.740680000,-0.011898000,0.713506000,3.009361000
1838,36.387038900,3.728782000,3.713784000,0.014998000,0.713516000,3.009328000
1839,36.401778900,3.728782000,3.713811000,0.014971000,0.713526000,3.009295000
1840,36.421760300,3.728782000,3.713837000,0.014945000,0.713537000,3.009262000
1841,36.499574300,3.728782000,3.713864000,0.014918000,0.713547000,3.009229000
1842,36.502629500,3.728782000,3.713890000,0.014892000,0.713557000,3.009196000
1843,36.504557700,3.728782000,3.713917000,0.014865000,0.713567000,3.009163000
1844,36.506345300,3.728782000,3.713943000,0.014839000,0.713577000,3.009130000
1845,36.521818900,3.728782000,3.713970000,0.014812000,0.713588000,3.009097000
1846,36.541389000,3.728782000,3.713996000,0.014786000,0.713598000,3.009063000
1847,36.617619000,3.728782000,3.714023000,0.014759000,0.713608000,3.009030000
1848,36.620335900,3.728782000,3.714050000,0.014732000,0.713619000,3.008996000
1849,36.622161600,3.728782000,3.714077000,0.014705000,0.713629000,3.008963000
1850,36.623913000,3.728782000,3.714103000,0.014679000,0.713639000,3.008930000
1851,36.641789000,3.728782000,3.714130000,0.014652000,0.713649000,3.008896000
1852,36.661886900,3.691118000,3.714157000,-0.023039000,0.713633000,3.008949000
1853,36.718550000,3.728782000,3.687236000,0.041546000,0.713647000,3.009014000
1854,36.720967100,3.728782000,3.714190000,0.014592000,0.713658000,3.008981000
1855,36.722951300,4.595065000,4.767360000,-0.172295000,0.719075000,2.950811000
1856,36.741543600,5.800327000,5.369765000,0.430562000,0.709468000,3.054969000
1857,36.761393500,6.440623000,6.253627000,0.186996000,0.707222000,3.080167000
1858,36.820741900,6.854933000,6.711067000,0.143866000,0.706260000,3.091595000
1859,36.823540100,7.043255000,7.005484000,0.037771000,0.706137000,3.093255000
1860,36.825221000,7.156249000,7.138782000,0.017467000,0.706107000,3.093740000
1861,36.841793400,7.193912000,7.218698000,-0.024786000,0.706126000,3.093294000
1862,36.861558500,7.269241000,7.245116000,0.024125000,0.706116000,3.093648000
1863,36.927821800,7.231577000,7.298478000,-0.066901000,0.706103000,3.093103000
1864,36.930349100,7.306906000,7.271411000,0.035495000,0.706098000,3.093508000
1865,36.932309600,7.306906000,7.324851000,-0.017945000,0.706089000,3.093422000
1866,36.941607400,7.306906000,7.324724000,-0.017818000,0.706080000,3.093337000
1867,36.961399800,7.306906000,7.324599000,-0.017693000,0.706071000,3.093253000
1868,37.034098000,7.306906000,7.324474000,-0.017568000,0.706063000,3.093169000
1869,37.036635000,7.306906000,7.324351000,-0.017445000,0.706054000,3.093086000
1870,37.038261500,7.306906000,7.324229000,-0.017323000,0.706045000,3.093004000
1871,37.041906400,7.344571000,7.324108000,0.020463000,0.706055000,3.093101000
1872,37.061946100,7.269241000,7.350844000,-0.081603000,0.705988000,3.092994000
1873,37.139013300,7.344571000,7.297091000,0.047480000,0.705996000,3.093382000
1874,37.141722900,7.306906000,7.350602000,-0.043696000,0.705959000,3.093327000
1875,37.143710400,7.306906000,7.323708000,-0.016802000,0.705951000,3.093248000
1876,37.145585200,7.306906000,7.323592000,-0.016686000,0.705943000,3.093169000
1877,37.161537300,7.306906000,7.323476000,-0.016570000,0.705935000,3.093091000
1878,37.181613100,7.306906000,7.323362000,-0.016456000,0.705927000,3.093014000
1879,37.246424000,7.306906000,7.323249000,-0.016343000,0.705919000,3.092937000
1880,37.248953700,7.306906000,7.323137000,-0.016231000,0.705911000,3.092862000
1881,37.250526500,7.306906000,7.323026000,-0.016120000,0.705903000,3.092786000
1882,37.261455700,7.306906000,7.322916000,-0.016010000,0.705895000,3.092712000
1883,37.281599300,7.306906000,7.322806000,-0.015900000,0.705887000,3.092638000
1884,37.359435200,7.306906000,7.322698000,-0.015792000,0.705880000,3.092564000
1885,37.362532500,7.306906000,7.322590000,-0.015684000,0.705872000,3.092492000
1886,37.364481500,7.306906000,7.322484000,-0.015578000,0.705864000,3.092420000
1887,37.366442400,7.306906000,7.322379000,-0.015473000,0.705857000,3.092348000
1888,37.381768900,7.306906000,7.322274000,-0.015368000,0.705850000,3.092277000
1889,37.401414500,7.344571000,7.322171000,0.022400000,0.705860000,3.092380000
1890,37.464549700,7.306906000,7.348907000,-0.042001000,0.705825000,3.092344000
1891,37.467317400,7.344571000,7.322038000,0.022533000,0.705836000,3.092448000
1892,37.469068900,7.306906000,7.348774000,-0.041868000,0.705801000,3.092414000
1893,37.481992400,7.344571000,7.321908000,0.022663000,0.705811000,3.092518000
1894,37.501877500,7.306906000,7.348644000,-0.041738000,0.705776000,3.092485000
1895,37.575026600,6.553617000,6.084785000,0.468832000,0.722324000,2.922514000
1896,37.577685000,5.235361000,5.610590000,-0.375229000,0.712410000,3.024095000
1897,37.579311600,4.482071000,4.636951000,-0.154880000,0.709964000,3.048919000
1898,37.581770100,3.992433000,4.096785000,-0.104352000,0.708914000,3.059421000
1899,37.601806700,3.653453000,3.748119000,-0.094666000,0.708307000,3.065359000
1900,37.621579400,3.465131000,3.507373000,-0.042242000,0.708141000,3.066906000
1901,37.679804200,3.276808000,3.373874000,-0.097066000,0.707896000,3.069053000
1902,37.682750200,3.163815000,3.240356000,-0.076541000,0.707810000,3.069626000
1903,37.684734400,3.163815000,3.160269000,0.003546000,0.707811000,3.069631000
1904,37.701477100,3.126150000,3.160274000,-0.034124000,0.707802000,3.069585000
1905,37.721790600,3.163815000,3.133571000,0.030244000,0.707802000,3.069716000
1906,37.794738100,3.126150000,3.160269000,-0.034119000,0.707792000,3.069670000
1907,37.797217500,3.163815000,3.133566000,0.030249000,0.707792000,3.069803000
1908,37.798773500,3.163815000,3.160264000,0.003551000,0.707793000,3.069807000
1909,37.801344000,3.126150000,3.160268000,-0.034118000,0.707783000,3.069761000
1910,37.821742000,3.163815000,3.133565000,0.030250000,0.707783000,3.069895000
1911,37.841548900,3.126150000,3.160263000,-0.034113000,0.707773000,3.069848000
1912,37.907826900,3.163815000,3.133560000,0.030255000,0.707773000,3.069983000
1913,37.910634000,3.163815000,3.160258000,0.003557000,0.707774000,3.069988000
1914,37.912895800,3.163815000,3.160262000,0.003553000,0.707775000,3.069993000
1915,37.921839000,3.126150000,3.160267000,-0.034117000,0.707765000,3.069945000
1916,37.941447500,3.163815000,3.133564000,0.030251000,0.707765000,3.070083000
1917,38.012587100,3.163815000,3.160262000,0.003553000,0.707766000,3.070088000
1918,38.015016200,3.126150000,3.160266000,-0.034116000,0.707756000,3.070040000
1919,38.016540200,3.163815000,3.133563000,0.030252000,0.707755000,3.070179000
1920,38.021837000,3.163815000,3.160261000,0.003554000,0.707756000,3.070184000
1921,38.041370700,3.163815000,3.160266000,0.003549000,0.707758000,3.070189000
1922,38.120537400,3.126150000,3.160271000,-0.034121000,0.707747000,3.070141000
1923,38.123276000,3.163815000,3.133567000,0.030248000,0.707747000,3.070283000
1924,38.124848300,3.163815000,3.160265000,0.003550000,0.707748000,3.070288000
1925,38.126439300,3.126150000,3.160270000,-0.034120000,0.707738000,3.070240000
1926,38.141785600,3.163815000,3.133566000,0.030249000,0.707737000,3.070383000
1927,38.162055600,3.163815000,3.160265000,0.003550000,0.707738000,3.070388000
1928,38.233410400,3.163815000,3.160269000,0.003546000,0.707739000,3.070393000
1929,38.236191500,3.126150000,3.160275000,-0.034125000,0.707729000,3.070344000
1930,38.238153700,3.163815000,3.133570000,0.030245000,0.707728000,3.070490000
1931,38.242061200,3.126150000,3.160269000,-0.034119000,0.707718000,3.070441000
1932,38.261546900,3.163815000,3.133565000,0.030250000,0.707717000,3.070588000
1933,38.340936900,3.163815000,3.160264000,0.003551000,0.707719000,3.070593000
1934,38.343649800,3.126150000,3.160269000,-0.034119000,0.707708000,3.070544000
1935,38.345295700,3.804111000,3.901200000,-0.097089000,0.709811000,3.047821000
1936,38.346999100,4.670393000,4.376501000,0.293892000,0.705246000,3.097785000
1937,38.361765000,5.197696000,4.997559000,0.200137000,0.703563000,3.116993000
1938,38.381777400,5.499012000,5.371251000,0.127761000,0.703035000,3.123576000
1939,38.445328000,5.612005000,5.583964000,0.028041000,0.702988000,3.124309000
1940,38.447867900,5.762663000,5.663541000,0.099122000,0.702913000,3.125949000
1941,38.449443800,5.837992000,5.769920000,0.068072000,0.702945000,3.126203000
1942,38.461672200,5.875656000,5.823199000,0.052457000,0.703003000,3.126061000
1943,38.481966400,5.875656000,5.849936000,0.025720000,0.703039000,3.125908000
1944,38.548512300,5.913321000,5.850064000,0.063257000,0.703128000,3.125531000
1945,38.551029900,5.875656000,5.876865000,-0.001209000,0.703126000,3.125542000
1946,38.552787700,5.913321000,5.850376000,0.062945000,0.703215000,3.125169000
1947,38.561636600,5.875656000,5.877178000,-0.001522000,0.703212000,3.125183000
1948,38.581901200,5.913321000,5.850683000,0.062638000,0.703300000,3.124812000
1949,38.656808800,5.875656000,5.877487000,-0.001831000,0.703297000,3.124829000
1950,38.659302500,5.913321000,5.850988000,0.062333000,0.703385000,3.124461000
1951,38.660869400,5.913321000,5.877794000,0.035527000,0.703446000,3.124132000
1952,38.664186900,5.875656000,5.877976000,-0.002320000,0.703442000,3.124153000
